Secuencia,Tipo Dispositivo,Grupo,Modelo equipo,Placa,MSISDN,Alias,IMEI,Latitud,Longitud,Hora de última transmisión,Estado de transmisión,Estado de ignición,% Batería,Odómetro (Km)
1,Automotor,PATRULLA RURAL,Tracker X2,IX334GN,549201736558,10002,456132454564723,-39.385115,-60.871529,"sábado, 05 de septiembre de 2026 10:49:08",En línea,Apagado,75,119077
2,Automotor,CAMINERA,Tracker X2,TJ375UM,549668886087,10003,755282864893217,-33.040054,-65.174974,"domingo, 09 de agosto de 2026 09:03:35",Apagado o fuera de cobertura,Apagado,2,152449
3,Automotor,CAMINERA,Tracker X2,AG400RJ,,10004,037329412538166,-31.666857,-63.841142,"domingo, 06 de septiembre de 2026 11:34:10",En línea,Apagado,68,165857
4,Automotor,CAPITAL,Starlink ER-01,CM281TR,549407524273,10005,263586399679370,-38.721547,-66.202425,"lunes, 07 de septiembre de 2026 05:20:44",En línea,Apagado,36,379358
5,Automotor,PATRULLA RURAL,Tracker X2,JD492OO,549593280848,10006,849756833637158,-32.986844,-66.028047,"miércoles, 09 de septiembre de 2026 03:12:26",En línea,Encendido,94,389229
6,Automotor,CAPITAL,Tracker X2,SR772XN,549840563098,SIN ASIGNAR,072779478192649,-37.494635,-64.000057,"martes, 08 de septiembre de 2026 18:38:29",En línea,Encendido,25,368287
7,Automotor,PATRULLA RURAL,Tracker X1,IZ508BS,549001486829,5407433,039364028243670,-36.012065,-65.222003,"martes, 08 de septiembre de 2026 17:25:34",En línea,Apagado,80,282020
8,Automotor,INTERIOR,Starlink ER-01,LS425RX,549091425657,10010,371720135154908,-35.219864,-60.382834,"viernes, 04 de septiembre de 2026 12:31:04",En línea,Apagado,53,494020
9,Automotor,INTERIOR,Tracker X1,VP172XM,549459104834,10011,617822507664150,-36.142653,-66.666357,"martes, 08 de septiembre de 2026 20:04:32",En línea,Apagado,49,437089
10,Automotor,PATRULLA RURAL,Tracker X1,CZ010PQ,549842856260,10012,671690525516093,-34.267883,-60.883742,"sábado, 05 de septiembre de 2026 03:15:22",En línea,Apagado,25,278373
11,Automotor,PATRULLA RURAL,Starlink ER-01,GY604FD,549510100594,10013,604264917588535,-34.700577,-63.531459,"lunes, 07 de septiembre de 2026 02:29:32",En línea,Encendido,51,495899
12,Automotor,CAPITAL,Starlink ER-01,GZ672SO,549117475276,10014,847076926509896,-35.540483,-63.290109,"viernes, 04 de septiembre de 2026 15:04:57",En línea,Encendido,100,151279
13,Automotor,CAMINERA,Tracker X2,LX575LE,549914527041,10016,423282672774430,-37.707973,-59.814522,"domingo, 06 de septiembre de 2026 14:24:03",En línea,Encendido,31,74268
14,Automotor,PATRULLA RURAL,Tracker X2,ZO073RM,549253044759,10017,305301462020523,-36.148587,-67.713383,"sábado, 05 de septiembre de 2026 07:44:30",En línea,Encendido,60,359543
15,Automotor,CAMINERA,Tracker X1,RS270AD,549233250487,10018,451418619757894,-30.597764,-59.363004,"miércoles, 09 de septiembre de 2026 02:46:23",En línea,Encendido,87,260592
16,Automotor,PATRULLA RURAL,Starlink ER-01,XQ002XR,549680815032,10019,363438255392372,-32.582497,-67.26854,"martes, 28 de julio de 2026 18:44:54",Apagado o fuera de cobertura,Apagado,38,153671
17,Automotor,PATRULLA RURAL,Tracker X1,QA260FN,549048230036,10022,091427963447021,-34.396559,-65.828082,"martes, 08 de septiembre de 2026 03:18:41",En línea,Apagado,21,322447
18,Automotor,PATRULLA RURAL,Tracker X1,ND789AK,549694401896,10023,120384200784060,-37.454589,-67.450283,"miércoles, 09 de septiembre de 2026 08:04:48",En línea,Apagado,71,295382
19,Automotor,PATRULLA RURAL,Tracker X2,LF399TN,549310800660,10024,777770053859540,-33.588158,-62.998173,"lunes, 27 de julio de 2026 09:44:39",Apagado o fuera de cobertura,Apagado,13,186335
20,Automotor,CAMINERA,Tracker X2,BR099FU,549584519190,10025,415249329432279,-39.094581,-66.983967,"miércoles, 09 de septiembre de 2026 16:15:27",En línea,Encendido,39,32804
21,Automotor,INTERIOR,Starlink ER-01,IG716OZ,549578950357,10026,712874253934720,-32.172985,-64.163971,"viernes, 04 de septiembre de 2026 12:23:50",En línea,Encendido,41,154207
22,Automotor,CAMINERA,Starlink ER-01,YT790PQ,549603194059,10027,809593329417242,-39.167684,-59.775885,"sábado, 22 de agosto de 2026 11:12:52",Apagado o fuera de cobertura,Apagado,24,98915
23,Automotor,CAMINERA,Tracker X1,RZ593ZU,549789654448,3375861,212740423741375,-38.579826,-59.63337,"sábado, 29 de agosto de 2026 01:20:36",Apagado o fuera de cobertura,Apagado,40,446381
24,Automotor,CAMINERA,Tracker X2,BZ021JT,549467079054,0049671,260100301064690,-30.776141,-65.079565,"miércoles, 17 de junio de 2026 05:57:19",Apagado o fuera de cobertura,Apagado,40,30633
25,Automotor,PATRULLA RURAL,Starlink ER-01,AX394GU,549048293273,10030,534784935175789,-32.436016,-64.619475,"martes, 08 de septiembre de 2026 09:14:55",En línea,Apagado,70,286084
26,Automotor,PATRULLA RURAL,Tracker X1,PH203RA,549713707087,1440726,139089012098143,-31.903627,-63.680364,"lunes, 24 de agosto de 2026 10:18:23",Apagado o fuera de cobertura,Apagado,13,319827
27,Automotor,INTERIOR,Starlink ER-01,GF964MR,549037529447,10033,373715775125997,-32.566392,-65.939072,"domingo, 06 de septiembre de 2026 08:00:29",En línea,Apagado,65,492087
28,Automotor,PATRULLA RURAL,Starlink ER-01,PZ563MG,549942016022,10034,429800866734603,-35.104874,-59.806471,"lunes, 29 de junio de 2026 06:04:34",Apagado o fuera de cobertura,Apagado,21,39010
29,Automotor,CAMINERA,Tracker X1,LA584KG,549485779042,10035,436842177234240,-36.945577,-62.606781,"miércoles, 15 de julio de 2026 08:21:28",Apagado o fuera de cobertura,Apagado,2,467024
30,Automotor,INTERIOR,Tracker X2,JM777HP,549587867113,3739764,844468286441947,-35.615558,-63.086975,"martes, 08 de septiembre de 2026 22:00:11",En línea,Apagado,67,211010
31,Automotor,CAMINERA,Tracker X2,SG767VQ,549220465986,10037,037958462970994,-38.174741,-67.790715,"martes, 08 de septiembre de 2026 07:59:04",En línea,Encendido,77,190650
32,Automotor,CAMINERA,Starlink ER-01,PY877AP,549785255654,10038,097025610030881,-31.796258,-58.478874,"lunes, 03 de agosto de 2026 07:55:28",Apagado o fuera de cobertura,Apagado,11,187432
33,Automotor,PATRULLA RURAL,Tracker X2,XH141WH,549444323384,10039,860279260571772,-34.074801,-63.109662,"viernes, 04 de septiembre de 2026 06:25:01",En línea,Apagado,54,175978
34,Automotor,CAMINERA,Tracker X1,AK776GK,,10041,033381850438544,-39.293274,-58.724129,"sábado, 05 de septiembre de 2026 00:23:16",En línea,Apagado,85,56151
35,Automotor,CAMINERA,Tracker X1,OH915XU,549691663774,10042,886452719932590,-35.97381,-64.932407,"miércoles, 08 de julio de 2026 05:05:42",Apagado o fuera de cobertura,Apagado,32,161892
36,Automotor,PATRULLA RURAL,Tracker X1,JG735SR,549144754912,10043,148954516976503,-30.128198,-65.280046,"sábado, 05 de septiembre de 2026 03:17:10",En línea,Apagado,47,112718
37,Automotor,PATRULLA RURAL,Tracker X2,TW753JR,549886759584,10044,897854175873646,-31.683892,-58.271977,"lunes, 07 de septiembre de 2026 17:36:46",En línea,Encendido,63,172931
38,Automotor,CAMINERA,Tracker X1,AN958UI,549842266555,10045,641058445872742,-39.063909,-58.397165,"miércoles, 09 de septiembre de 2026 15:27:35",En línea,Apagado,98,411161
39,Automotor,PATRULLA RURAL,Starlink ER-01,CQ841OL,549345860776,10046,616305029152020,-31.69754,-62.925073,"viernes, 04 de septiembre de 2026 13:47:02",En línea,Apagado,79,216046
40,Automotor,INTERIOR,Starlink ER-01,IL975DZ,549947502238,10047,529194662959663,-32.481046,-62.437909,"sábado, 15 de agosto de 2026 19:29:46",Apagado o fuera de cobertura,Apagado,5,84876
41,Automotor,INTERIOR,Starlink ER-01,YX424LE,549063257382,10048,304854260903781,-30.919451,-61.699474,"sábado, 11 de julio de 2026 00:36:37",Apagado o fuera de cobertura,Apagado,10,197659
42,Automotor,INTERIOR,Starlink ER-01,RX247EE,549584291611,10049,502213554188684,-34.97126,-58.069389,"martes, 08 de septiembre de 2026 10:02:37",En línea,Apagado,24,144650
43,Automotor,PATRULLA RURAL,Tracker X2,CZ552CW,549858509424,10050,310538400385125,-30.973839,-66.432854,"miércoles, 09 de septiembre de 2026 16:43:57",En línea,Apagado,84,265289
44,Automotor,CAMINERA,Starlink ER-01,BX728PS,549439378215,10051,365330996095172,-30.393886,-60.666444,"lunes, 07 de septiembre de 2026 11:59:19",En línea,Apagado,81,286358
45,Automotor,CAPITAL,Starlink ER-01,SR648CP,549053347492,10052,783340507028234,-32.441774,-65.360692,"domingo, 06 de septiembre de 2026 07:55:11",En línea,Apagado,47,456764
46,Automotor,CAPITAL,Starlink ER-01,SR778AI,549875181506,8493292,995331153151556,-32.189595,-66.144091,"martes, 08 de septiembre de 2026 16:07:16",En línea,Apagado,76,169064
47,Automotor,INTERIOR,Tracker X2,VF230CE,549432810538,10055,873428220807091,-38.888604,-61.128737,"miércoles, 09 de septiembre de 2026 00:00:13",En línea,Apagado,100,261865
48,Automotor,CAMINERA,Tracker X1,CL584XD,549316912543,10056,383275888388056,-35.285385,-67.791256,"viernes, 04 de septiembre de 2026 03:37:37",En línea,Encendido,49,419210
49,Automotor,CAMINERA,Tracker X2,WI010ZE,549222519760,8654496,876057849182034,-35.502725,-61.123024,"viernes, 17 de julio de 2026 18:53:50",Apagado o fuera de cobertura,Apagado,31,156873
50,Automotor,CAPITAL,Tracker X1,QA702NR,549063556211,10058,805980874593300,-36.067782,-58.760414,"viernes, 04 de septiembre de 2026 02:29:14",En línea,Encendido,85,6021
51,Automotor,INTERIOR,Tracker X1,SA702VD,549978564610,1569750,960005244437489,-37.434887,-62.138876,"viernes, 24 de julio de 2026 18:00:56",Apagado o fuera de cobertura,Apagado,43,315886
52,Automotor,CAMINERA,Starlink ER-01,XF562BF,549966690832,10060,076736505310935,-38.255697,-60.949677,"domingo, 12 de julio de 2026 17:34:46",Apagado o fuera de cobertura,Apagado,27,419291
53,Automotor,PATRULLA RURAL,Starlink ER-01,YF597UA,549873487417,10061,063137112445852,-31.161629,-65.577539,"martes, 08 de septiembre de 2026 11:00:15",En línea,Apagado,65,12601
54,Automotor,PATRULLA RURAL,Tracker X1,BF510KG,549292520526,10062,452607763863612,-31.728302,-60.628301,"viernes, 04 de septiembre de 2026 23:02:05",En línea,Apagado,54,480354
55,Automotor,INTERIOR,Tracker X1,PA882PX,549665937390,10063,131954622096009,-32.467768,-59.684099,"miércoles, 09 de septiembre de 2026 09:26:50",En línea,Apagado,43,364881
56,Automotor,CAMINERA,Tracker X2,DL388WK,549732380247,10064,231494387753061,-38.733243,-60.627416,"lunes, 07 de septiembre de 2026 20:50:39",En línea,Encendido,89,158178
57,Automotor,CAMINERA,Starlink ER-01,IR807DB,549130697661,10065,231251038226408,-30.174291,-59.430328,"martes, 08 de septiembre de 2026 19:57:22",En línea,Encendido,95,138432
58,Automotor,CAPITAL,Starlink ER-01,KB560UG,549402361370,10066,867162602600379,-32.043897,-63.265198,"lunes, 07 de septiembre de 2026 00:15:58",En línea,Apagado,70,441311
59,Automotor,INTERIOR,Tracker X2,NM185XR,549289721380,10067,324612997058730,-37.143357,-65.129166,"jueves, 13 de agosto de 2026 22:30:23",Apagado o fuera de cobertura,Apagado,20,238919
60,Automotor,INTERIOR,Tracker X2,AK605HP,549955804617,10069,369850787703328,-39.210601,-64.85908,"jueves, 27 de agosto de 2026 22:10:15",Apagado o fuera de cobertura,Apagado,17,229461
61,Automotor,CAPITAL,Starlink ER-01,CF084PF,549486699615,10071,170707036674002,-32.158123,-67.231903,"sábado, 05 de septiembre de 2026 04:00:01",En línea,Encendido,62,182282
62,Automotor,INTERIOR,Tracker X1,MW620MC,549651056636,10072,313725502626382,-34.258513,-59.894568,"jueves, 03 de septiembre de 2026 23:32:27",En línea,Encendido,22,388964
63,Automotor,CAPITAL,Tracker X2,RN775IF,549160274594,10074,861016362095703,-37.075494,-60.547769,"sábado, 05 de septiembre de 2026 14:25:00",En línea,Encendido,82,423848
64,Automotor,CAMINERA,Tracker X2,MI577LO,549216459115,10076,110226794463530,-30.506966,-64.219261,"viernes, 04 de septiembre de 2026 22:47:10",En línea,Apagado,39,477569
65,Automotor,INTERIOR,Starlink ER-01,VZ681BT,549029411231,10077,447381490445013,-39.231459,-59.583448,"lunes, 22 de junio de 2026 16:05:35",Apagado o fuera de cobertura,Apagado,3,28031
66,Automotor,CAPITAL,Tracker X2,BQ544FI,549822298272,10078,695061454077613,-30.681832,-67.52127,"lunes, 07 de septiembre de 2026 04:43:46",En línea,Apagado,81,255409
67,Automotor,CAMINERA,Starlink ER-01,WV482NU,549746514747,10079,788494320117135,-39.01626,-62.387122,"martes, 08 de septiembre de 2026 21:15:54",En línea,Apagado,68,288794
68,Automotor,CAPITAL,Tracker X2,HP079FL,549390942319,10080,605459332515013,-38.249841,-61.593483,"sábado, 05 de septiembre de 2026 10:47:48",En línea,Apagado,73,337879
69,Automotor,INTERIOR,Tracker X2,VQ744IZ,549407350688,10081,105071588356004,-35.47094,-67.830082,"martes, 08 de septiembre de 2026 01:54:15",En línea,Apagado,46,128438
70,Automotor,INTERIOR,Starlink ER-01,EG920OJ,549444350178,10082,916449695237292,-38.48779,-58.838978,"viernes, 04 de septiembre de 2026 12:29:38",En línea,Apagado,85,327286
71,Automotor,INTERIOR,Tracker X1,GG728LY,549027845760,10083,431275655312681,-35.556941,-58.943197,"viernes, 04 de septiembre de 2026 11:36:13",En línea,Encendido,68,250194
72,Automotor,CAPITAL,Tracker X1,KR925QA,549983876137,10084,278078499636877,-38.174256,-63.455608,"sábado, 05 de septiembre de 2026 16:32:06",En línea,Apagado,96,131444
73,Automotor,INTERIOR,Tracker X1,VM394XT,549748470795,10085,639728393460493,-30.613707,-65.339144,"martes, 08 de septiembre de 2026 14:22:49",En línea,Encendido,70,300911
74,Automotor,INTERIOR,Tracker X1,VN092CA,549751892527,10086,092820256335423,-39.67371,-61.484342,"viernes, 28 de agosto de 2026 22:41:16",Apagado o fuera de cobertura,Apagado,33,435943
75,Automotor,PATRULLA RURAL,Starlink ER-01,YM551VI,549243051701,10087,150369547626829,-30.974836,-65.843147,"martes, 08 de septiembre de 2026 02:56:31",En línea,Apagado,22,32541
76,Automotor,CAPITAL,Tracker X1,OE251NX,549137023710,10088,160567529549650,-33.221749,-58.680939,"lunes, 07 de septiembre de 2026 08:12:25",En línea,Encendido,25,395152
77,Automotor,PATRULLA RURAL,Starlink ER-01,UW250EE,549245587287,10090,149000820128526,-35.191348,-64.052408,"miércoles, 22 de julio de 2026 02:47:08",Apagado o fuera de cobertura,Apagado,3,363690
78,Automotor,INTERIOR,Tracker X1,AU359SI,549325307709,3421362,390567554089979,-38.27116,-67.25118,"jueves, 03 de septiembre de 2026 21:14:39",En línea,Apagado,91,331352
79,Automotor,INTERIOR,Tracker X2,NX072UH,549678525672,5487357,549233073871205,-39.333433,-65.612208,"martes, 08 de septiembre de 2026 10:45:40",En línea,Apagado,39,339810
80,Automotor,CAMINERA,Starlink ER-01,OA562CI,549039358535,10093,333430248372001,-32.971026,-64.214951,"jueves, 25 de junio de 2026 23:52:15",Apagado o fuera de cobertura,Apagado,6,301349
81,Automotor,CAPITAL,Starlink ER-01,IZ684VM,549641601740,10094,148524554413639,-36.402672,-61.679412,"sábado, 05 de septiembre de 2026 03:43:58",En línea,Apagado,67,96193
82,Automotor,INTERIOR,Tracker X1,PC705QY,549504087757,10095,081901575821593,-32.188273,-63.901975,"domingo, 06 de septiembre de 2026 16:20:26",En línea,Apagado,41,105096
83,Automotor,CAPITAL,Starlink ER-01,VT688NH,549839269275,6227357,805845472510896,-30.974681,-67.096091,"martes, 08 de septiembre de 2026 11:55:26",En línea,Apagado,22,468385
84,Automotor,CAPITAL,Starlink ER-01,CX888MJ,549763692032,10097,545002359879431,-30.160762,-61.860733,"martes, 08 de septiembre de 2026 15:47:04",En línea,Apagado,76,470667
85,Automotor,CAPITAL,Starlink ER-01,LO644RE,549560155841,10098,820723680742244,-34.049744,-65.107162,"viernes, 04 de septiembre de 2026 23:00:23",En línea,Apagado,76,370614
86,Automotor,PATRULLA RURAL,Starlink ER-01,GI006WV,549694146094,10099,850455411401474,-34.581059,-65.77572,"martes, 30 de junio de 2026 00:13:05",Apagado o fuera de cobertura,Apagado,10,491349
87,Automotor,CAMINERA,Tracker X1,WE569ZA,549873690164,10101,132397096806895,-37.260604,-61.034806,"jueves, 06 de agosto de 2026 23:17:16",Apagado o fuera de cobertura,Apagado,33,81950
88,Automotor,PATRULLA RURAL,Tracker X2,IW001MO,549894102193,10104,560716348100201,-35.325316,-60.098229,"lunes, 07 de septiembre de 2026 14:44:13",En línea,Encendido,55,258989
89,Automotor,INTERIOR,Tracker X1,AY521KQ,549563527106,10105,137884069634565,-31.757864,-64.558032,"lunes, 24 de agosto de 2026 15:37:57",Apagado o fuera de cobertura,Apagado,29,348791
90,Automotor,INTERIOR,Starlink ER-01,FD025EU,549204351807,10106,438884961512027,-34.363281,-61.307686,"jueves, 03 de septiembre de 2026 19:25:00",En línea,Encendido,69,441924
91,Automotor,INTERIOR,Starlink ER-01,GN065MU,549569798514,10107,277713744174873,-34.011908,-60.254022,"sábado, 05 de septiembre de 2026 12:50:01",En línea,Apagado,91,311451
92,Automotor,INTERIOR,Tracker X1,LD590BU,549020024901,10108,123317701046358,-38.082677,-59.992972,"viernes, 04 de septiembre de 2026 19:46:57",En línea,Apagado,88,209425
93,Automotor,PATRULLA RURAL,Tracker X2,NI804OS,549038664768,10109,532473920423460,-31.875779,-67.368569,"domingo, 06 de septiembre de 2026 21:45:28",En línea,Apagado,85,100304
94,Automotor,CAPITAL,Tracker X1,EH527CE,549152932364,10110,627866238228717,-31.476577,-60.655865,"miércoles, 09 de septiembre de 2026 05:34:13",En línea,Apagado,88,152162
95,Automotor,INTERIOR,Tracker X2,HS393US,549999729633,10112,398251552286791,-34.03625,-64.095884,"lunes, 07 de septiembre de 2026 10:31:28",En línea,Apagado,40,463264
96,Automotor,INTERIOR,Tracker X1,LI038VY,549524146488,REPUESTO,705004486127065,-38.704253,-63.778085,"domingo, 02 de agosto de 2026 05:54:50",Apagado o fuera de cobertura,Apagado,9,99739
97,Automotor,PATRULLA RURAL,Tracker X2,KM361OR,549643063239,10115,267324441902490,-34.604701,-67.67483,"sábado, 20 de junio de 2026 02:52:51",Apagado o fuera de cobertura,Apagado,1,423897
98,Automotor,CAPITAL,Tracker X2,FQ153IE,549275165320,10116,863321984962233,-37.834225,-63.501802,"sábado, 05 de septiembre de 2026 15:18:40",En línea,Encendido,26,22893
99,Automotor,CAMINERA,Starlink ER-01,TM356YO,549951369619,10117,381959424585263,-34.156751,-60.269805,"miércoles, 24 de junio de 2026 23:47:58",Apagado o fuera de cobertura,Apagado,4,261411
100,Automotor,CAPITAL,Tracker X1,BT509RC,549320705298,10118,764130895424650,-30.563004,-64.508133,"martes, 08 de septiembre de 2026 07:27:17",En línea,Apagado,71,35851
101,Automotor,INTERIOR,Tracker X2,US881ED,549228463676,10119,029936936943960,-30.911937,-61.240688,"lunes, 06 de julio de 2026 23:30:20",Apagado o fuera de cobertura,Apagado,8,486358
102,Automotor,INTERIOR,Starlink ER-01,JP712ZZ,549296290977,0125276,945891232656622,-35.530751,-64.678228,"martes, 08 de septiembre de 2026 16:36:36",En línea,Encendido,39,114321
103,Automotor,CAMINERA,Tracker X1,IP994EO,549421847120,10121,522718471792045,-33.641331,-66.710393,"lunes, 06 de julio de 2026 20:35:43",Apagado o fuera de cobertura,Apagado,5,496475
104,Automotor,CAPITAL,Tracker X2,GK001RL,549035506611,10122,740558003914435,-38.228958,-64.901351,"sábado, 29 de agosto de 2026 03:28:06",Apagado o fuera de cobertura,Apagado,13,225222
105,Automotor,CAMINERA,Tracker X1,UE983CM,549054241575,10123,627040539538446,-37.303681,-59.454028,"domingo, 06 de septiembre de 2026 14:32:40",En línea,Apagado,58,460182
106,Automotor,PATRULLA RURAL,Tracker X1,YL095AU,549306309071,0492237,208347198322494,-37.782301,-60.748683,"domingo, 06 de septiembre de 2026 21:09:34",En línea,Encendido,100,306053
107,Automotor,INTERIOR,Starlink ER-01,QO157LS,549452152306,10125,742574540383184,-36.572936,-64.800379,"viernes, 04 de septiembre de 2026 23:58:44",En línea,Apagado,75,84797
108,Automotor,PATRULLA RURAL,Starlink ER-01,JD791UA,549860290750,10126,510573117127810,-33.947288,-62.706005,"sábado, 05 de septiembre de 2026 20:55:16",En línea,Encendido,97,5538
109,Automotor,INTERIOR,Tracker X1,YT447YO,549794191753,7412392,383275888388056,-37.551985,-64.261589,"martes, 08 de septiembre de 2026 07:50:51",En línea,Encendido,47,126420
110,Automotor,CAPITAL,Tracker X2,ZQ114LF,549813789374,10128,452119766858188,-32.976219,-62.719041,"domingo, 26 de julio de 2026 05:21:31",Apagado o fuera de cobertura,Apagado,3,348774
111,Automotor,PATRULLA RURAL,Tracker X1,NA407KD,549622098324,10130,723377410659406,-33.887297,-63.298931,"domingo, 14 de junio de 2026 09:22:05",Apagado o fuera de cobertura,Apagado,19,339558
112,Automotor,CAMINERA,Starlink ER-01,MA275LZ,549622885186,10131,045753551265064,-35.232174,-64.083486,"martes, 08 de septiembre de 2026 02:19:57",En línea,Encendido,98,452172
113,Automotor,CAMINERA,Starlink ER-01,FL154QS,549032810778,10132,070270573752917,-36.390247,-60.370688,"lunes, 17 de agosto de 2026 05:38:32",Apagado o fuera de cobertura,Apagado,2,470012
114,Automotor,CAPITAL,Tracker X2,UA879TD,549027683682,1405032,045753551265064,-38.911247,-66.711591,"viernes, 04 de septiembre de 2026 06:07:14",En línea,Apagado,26,82240
115,Automotor,INTERIOR,Tracker X1,AR647EE,549293957663,10134,860279260571772,-37.186507,-64.432349,"sábado, 05 de septiembre de 2026 06:29:25",En línea,Encendido,21,175729
116,Automotor,INTERIOR,Tracker X1,BO829WO,549347582820,10135,565257185050997,-36.166623,-67.60737,"lunes, 07 de septiembre de 2026 12:46:58",En línea,Apagado,85,485205
117,Automotor,INTERIOR,Starlink ER-01,QP457SN,549437050074,10136,419671590080943,-30.306771,-67.392362,"sábado, 05 de septiembre de 2026 07:24:35",En línea,Apagado,20,333270
118,Automotor,INTERIOR,Tracker X1,IL325NZ,549129539462,10137,004112022683318,-36.492469,-59.989273,"lunes, 07 de septiembre de 2026 00:31:12",En línea,Apagado,65,423768
119,Automotor,CAPITAL,Tracker X2,FQ742ME,549563657347,10138,021719452800549,-36.274491,-61.687466,"viernes, 19 de junio de 2026 21:48:17",Apagado o fuera de cobertura,Apagado,23,433041
120,Automotor,CAPITAL,Starlink ER-01,TO829XP,549665173806,10139,763575684427729,-35.904755,-62.446168,"domingo, 06 de septiembre de 2026 16:24:08",En línea,Encendido,51,218597
121,Automotor,CAPITAL,Starlink ER-01,MH554ZN,549755583618,10140,207236804462535,-33.091276,-58.77312,"viernes, 04 de septiembre de 2026 21:38:50",En línea,Apagado,33,236016
122,Automotor,CAPITAL,Starlink ER-01,MV247XH,549569218625,10141,078351824969092,-36.74801,-65.203277,"domingo, 26 de julio de 2026 19:38:50",Apagado o fuera de cobertura,Apagado,23,164109
123,Automotor,CAPITAL,Tracker X1,OB178DQ,549625308337,8146489,506952952011097,-39.649297,-66.881288,"viernes, 19 de junio de 2026 10:48:14",Apagado o fuera de cobertura,Apagado,28,23038
124,Automotor,CAPITAL,Tracker X1,OX249DC,549016681683,3350025,711717830123655,-33.061314,-66.407804,"jueves, 03 de septiembre de 2026 23:47:38",En línea,Encendido,76,217567
125,Automotor,PATRULLA RURAL,Tracker X1,KE417QG,549801730914,10145,004112022683318,-34.657248,-66.953668,"viernes, 04 de septiembre de 2026 05:17:37",En línea,Apagado,41,489561
126,Automotor,CAMINERA,Tracker X1,TD929VR,549255184328,8731180,584785605217349,-31.291029,-65.923545,"martes, 08 de septiembre de 2026 20:53:52",En línea,Apagado,26,102426
127,Automotor,PATRULLA RURAL,Tracker X2,IQ064YI,549442439168,10148,396313812484340,-33.414077,-61.153779,"viernes, 24 de julio de 2026 17:46:48",Apagado o fuera de cobertura,Apagado,19,6033
128,Automotor,PATRULLA RURAL,Starlink ER-01,YH797TU,549368098176,10149,504457932777394,-33.291265,-67.530288,"miércoles, 09 de septiembre de 2026 03:19:38",En línea,Encendido,85,133861
129,Automotor,INTERIOR,Tracker X1,LP715SJ,549705023238,10150,598252324779577,-34.443311,-67.932777,"domingo, 06 de septiembre de 2026 07:29:43",En línea,Apagado,86,282428
130,Automotor,INTERIOR,Tracker X2,DT878YE,549085872090,10151,193006037926999,-39.204784,-64.417856,"lunes, 29 de junio de 2026 01:20:37",Apagado o fuera de cobertura,Apagado,5,126855
131,Automotor,INTERIOR,Starlink ER-01,PW596QL,549975064094,10152,097831894562030,-32.116372,-62.805258,"domingo, 06 de septiembre de 2026 21:46:51",En línea,Apagado,40,23210
132,Automotor,CAPITAL,Tracker X1,ZX814PG,549200839859,10153,266077148367015,-31.426573,-67.111361,"martes, 08 de septiembre de 2026 11:34:36",En línea,Apagado,65,423692
133,Automotor,CAPITAL,Tracker X2,WV618FK,549482865222,10154,153349023318429,-31.643135,-64.949961,"domingo, 06 de septiembre de 2026 19:30:21",En línea,Encendido,27,378794
134,Automotor,CAPITAL,Tracker X1,ET016OO,549532502530,10155,472722672785653,-35.785,-61.965847,"lunes, 07 de septiembre de 2026 10:11:25",En línea,Apagado,30,65822
135,Automotor,PATRULLA RURAL,Tracker X1,UR072ZN,549764624456,10156,724503811412206,-39.561342,-58.689501,"sábado, 05 de septiembre de 2026 04:51:53",En línea,Apagado,90,338305
136,Automotor,CAMINERA,Starlink ER-01,QR780AV,549875419045,10157,650915724156577,-34.297707,-64.016105,"lunes, 07 de septiembre de 2026 21:13:21",En línea,Encendido,55,51318
137,Automotor,CAPITAL,Tracker X1,OW278VS,549525248554,10158,477422511846319,-31.676759,-59.014978,"sábado, 05 de septiembre de 2026 02:37:36",En línea,Encendido,26,424660
138,Automotor,CAPITAL,Tracker X1,XZ888MZ,549631904061,10159,194664057636656,-30.314301,-58.844733,"jueves, 20 de agosto de 2026 16:11:22",Apagado o fuera de cobertura,Apagado,37,448934
139,Automotor,INTERIOR,Tracker X1,MM686GN,549562285904,10160,204287906671797,-34.354332,-61.085793,"domingo, 26 de julio de 2026 12:39:37",Apagado o fuera de cobertura,Apagado,43,289502
140,Automotor,PATRULLA RURAL,Tracker X1,MR508KL,,10162,896755850851410,-36.822638,-61.356599,"lunes, 07 de septiembre de 2026 11:28:13",En línea,Apagado,88,51705
141,Automotor,CAMINERA,Starlink ER-01,MX687KH,549232312839,7470823,253930593431002,-37.853784,-64.70465,"domingo, 06 de septiembre de 2026 09:31:52",En línea,Encendido,73,454007
142,Automotor,CAPITAL,Tracker X1,TP583LI,549726382396,10164,534587066968544,-36.862955,-60.756798,"miércoles, 09 de septiembre de 2026 05:26:07",En línea,Apagado,84,287067
143,Automotor,CAPITAL,Tracker X2,GN588WC,549138339600,10165,994465604268596,-31.515099,-61.054011,"domingo, 06 de septiembre de 2026 20:08:40",En línea,Encendido,68,337723
144,Automotor,CAPITAL,Starlink ER-01,RT668RN,549316214622,10166,585835901018864,-36.965744,-66.111275,"martes, 21 de julio de 2026 11:15:02",Apagado o fuera de cobertura,Apagado,10,35456
145,Automotor,INTERIOR,Tracker X1,ML083ZT,549357341599,10167,351820092232445,-38.355512,-62.963837,"lunes, 07 de septiembre de 2026 08:20:30",En línea,Apagado,23,243119
146,Automotor,INTERIOR,Tracker X1,KE881OU,549180739989,10168,832136593286936,-36.79145,-62.003598,"miércoles, 09 de septiembre de 2026 10:45:37",En línea,Encendido,94,51926
147,Automotor,INTERIOR,Tracker X1,HC164HZ,549908239266,0548486,689184693593100,-39.747832,-58.089593,"sábado, 20 de junio de 2026 23:37:34",Apagado o fuera de cobertura,Apagado,40,340513
148,Automotor,CAMINERA,Tracker X2,KP271XL,549535868236,REPUESTO,154750980317623,-34.705423,-60.484715,"viernes, 04 de septiembre de 2026 13:46:50",En línea,Apagado,62,430993
149,Automotor,INTERIOR,Tracker X2,GF594ZE,549058702600,4451901,955374339221985,-36.440489,-63.652036,"viernes, 04 de septiembre de 2026 23:27:11",En línea,Apagado,94,316538
150,Automotor,INTERIOR,Tracker X1,CD686CX,549693657147,3147772,033381850438544,-30.913978,-67.249025,"domingo, 06 de septiembre de 2026 18:45:10",En línea,Apagado,27,306705
151,Automotor,CAMINERA,Tracker X2,JN943CP,549279840647,10173,941441520469751,-30.56495,-66.274083,"lunes, 17 de agosto de 2026 23:32:33",Apagado o fuera de cobertura,Apagado,14,160423
152,Automotor,CAMINERA,Tracker X2,TO594BL,549871894349,10174,451418619757894,-37.9258,-66.470043,"domingo, 06 de septiembre de 2026 15:08:50",En línea,Apagado,83,433325
153,Automotor,INTERIOR,Starlink ER-01,PB186JN,549532796410,10175,058130459980618,-33.911335,-61.747935,"sábado, 29 de agosto de 2026 13:33:39",Apagado o fuera de cobertura,Apagado,9,103242
154,Automotor,CAMINERA,Tracker X1,EH131DR,549752849973,10176,411427674754705,-34.270423,-63.946141,"jueves, 13 de agosto de 2026 15:49:53",Apagado o fuera de cobertura,Apagado,17,253017
155,Automotor,CAPITAL,Tracker X2,EY534WG,549109912952,10177,642797192150064,-37.891558,-58.229634,"sábado, 20 de junio de 2026 08:21:36",Apagado o fuera de cobertura,Apagado,14,454973
156,Automotor,CAMINERA,Tracker X1,AZ000YT,549807598559,10178,316645210958848,-32.483236,-65.031907,"sábado, 05 de septiembre de 2026 21:07:50",En línea,Apagado,95,428097
157,Automotor,PATRULLA RURAL,Tracker X2,YR968MX,549735067298,10179,538059997860217,-35.296448,-63.274964,"domingo, 06 de septiembre de 2026 20:09:45",En línea,Encendido,44,458618
158,Automotor,INTERIOR,Starlink ER-01,IF642RW,549168121139,10180,524801374814772,-35.888613,-65.976642,"martes, 18 de agosto de 2026 18:54:00",Apagado o fuera de cobertura,Apagado,31,484597
159,Automotor,CAPITAL,Tracker X1,HN169CD,549148885541,10181,587320690028976,-35.560726,-66.063563,"lunes, 03 de agosto de 2026 19:38:28",Apagado o fuera de cobertura,Apagado,9,230582
160,Automotor,CAMINERA,Starlink ER-01,QL688QN,549419672323,10182,612237187840337,-38.622755,-60.914996,"lunes, 07 de septiembre de 2026 06:29:26",En línea,Apagado,22,400237
161,Automotor,PATRULLA RURAL,Starlink ER-01,VN385NZ,549203033184,10183,434850705894109,-39.489697,-60.992035,"miércoles, 09 de septiembre de 2026 00:55:25",En línea,Apagado,33,44102
162,Automotor,PATRULLA RURAL,Tracker X2,MT986QX,549487798905,8707768,099115024184417,-37.569668,-59.3733,"miércoles, 09 de septiembre de 2026 10:04:23",En línea,Encendido,77,198243
163,Automotor,CAPITAL,Starlink ER-01,ME526VH,549824233494,10185,049240430537504,-39.854089,-67.9951,"martes, 08 de septiembre de 2026 14:11:33",En línea,Apagado,78,64109
164,Automotor,CAMINERA,Tracker X2,QS086SV,549406160833,10186,265909519529930,-34.266603,-59.59051,"sábado, 05 de septiembre de 2026 21:43:55",En línea,Apagado,28,440212
165,Automotor,CAPITAL,Tracker X2,ER669YO,549804325330,10187,369952670589922,-39.933466,-63.826309,"lunes, 07 de septiembre de 2026 19:06:53",En línea,Apagado,50,407218
166,Automotor,CAPITAL,Starlink ER-01,JE198GC,549522026775,10188,243260896010423,-31.872719,-67.627976,"domingo, 21 de junio de 2026 22:02:17",Apagado o fuera de cobertura,Apagado,1,233237
167,Automotor,CAPITAL,Tracker X2,FP957KO,549425990869,10189,098875895250283,-32.757433,-58.564008,"martes, 08 de septiembre de 2026 23:09:08",En línea,Apagado,51,289848
168,Automotor,INTERIOR,Tracker X2,TD904MX,549893922800,10190,941493246076962,-36.195986,-66.269403,"martes, 08 de septiembre de 2026 00:08:09",En línea,Apagado,41,149694
169,Automotor,INTERIOR,Tracker X2,CI865IC,549924936290,10191,571809313670247,-31.897408,-64.205789,"domingo, 06 de septiembre de 2026 23:33:26",En línea,Apagado,44,267389
170,Automotor,INTERIOR,Tracker X2,JF239DL,549585521620,10192,182378928691020,-35.768224,-65.358525,"sábado, 05 de septiembre de 2026 14:05:44",En línea,Apagado,51,460477
171,Automotor,INTERIOR,Tracker X1,EI703LR,549052420298,5834438,214461562273398,-38.009878,-59.51492,"viernes, 04 de septiembre de 2026 01:33:25",En línea,Encendido,98,220113
172,Automotor,INTERIOR,Tracker X1,GH201HA,549276762110,10194,629572198874757,-33.400379,-59.725732,"lunes, 07 de septiembre de 2026 19:32:18",En línea,Encendido,95,120510
173,Automotor,CAMINERA,Tracker X2,KL756RC,549876121400,10195,598252324779577,-36.170911,-67.9263,"lunes, 06 de julio de 2026 06:01:06",Apagado o fuera de cobertura,Apagado,18,246724
174,Automotor,PATRULLA RURAL,Starlink ER-01,YP448WD,549128246986,10196,395462326323445,-30.280322,-64.621176,"miércoles, 09 de septiembre de 2026 16:56:11",En línea,Apagado,67,277727
175,Automotor,CAMINERA,Tracker X2,KP228BB,549372867831,10198,212962216096672,-31.406046,-64.878304,"viernes, 31 de julio de 2026 04:33:28",Apagado o fuera de cobertura,Apagado,24,80264
176,Automotor,CAMINERA,Tracker X2,JH820PX,549806104431,10199,444740230770644,-35.038482,-67.760134,"martes, 30 de junio de 2026 01:43:51",Apagado o fuera de cobertura,Apagado,32,209605
177,Automotor,CAPITAL,Tracker X2,OH096EJ,549873644085,10200,175240992928769,-34.600752,-61.719055,"sábado, 05 de septiembre de 2026 16:07:14",En línea,Encendido,69,317112
