Matricula,Dominio,Dependencia,TipoVehiculo,Marca,Modelo,Color,NumeroChasis,NumeroMotor,Año,TipoCombustible,CapacidadTanque,RelacionConsumo,LimiteLitros,RetiraDni,RetiraNombre,Estado,DireccionGral,DireccionGralId
10001,EZ542SG,JEFATURA,PICK-UP,CHEVROLET,4381,GRIS,7408425485,16094657,2015,Diesel,69,10.72,435.03,71844563,OPERADOR_1,En Servicio,,15
10002,IX334GN,SUBJEFATURA CAPITAL,PICK-UP,FORD,6242,ROJO,5722109186,38032950,2022,Diesel,71,8.11,352.76,2919 1411,OPERADOR_2,En Servicio,,12
10003,TJ375UM,BRIGADA CIVIL,MOTOCICLETA,RENAULT,5768,BLANCO,1127358329,22437029,2018,Gasolina,13,25.49,239.76,56423647,OPERADOR_3,Fuera de Servicio,DIRECCION GRAL. INVESTIGACIONES CRIMINALES,6
10004,AG400RJ,COMISARIA CAPITAL ZONA 1,MOTOCICLETA,FORD,2189,NEGRO,6502458983,90732056,2020,Gasolina,18,38.25,289.5,2629 9167,OPERADOR_4,Baja,DIRECCION GRAL. SEGURIDAD CAPITAL,1
10005,CM281TR,POLICIA CAMINERA,CAMIÓN,TOYOTA,3484,NEGRO,6450487698,55686961,2015,Diesel,128,2.79,193.44,09153840,OPERADOR_5,Fuera de Servicio,DIRECCION GRAL. DE POLICIA CAMINERA,5
10006,JD492OO,SUBJEFATURA CAPITAL,MOTOCICLETA,RENAULT,5711,ROJO,3372154180,61333706,2020,Gasolina,16,27.38,470.45,47473605,OPERADOR_6,En Servicio,,12
10007,ZP772CO,PATRULLA RURAL NORTE,MOTOCICLETA,RENAULT,9456,BLANCO,6227882617,38544128,2022,Gasolina,18,36.32,386.57,75943359,OPERADOR_7,En Servicio,DIRECCION GRAL. DEPARTAMENTALES NORTE,2
10008,SR772XN,COMISARIA CAPITAL ZONA 1,MOTOCICLETA,CHEVROLET,3780,AZUL,1751506978,51557188,2016,Gasolina,17,35.41,255.89,32614807,OPERADOR_8,Fuera de Servicio,DIRECCION GRAL. SEGURIDAD CAPITAL,1
10009,IZ508BS,PATRULLA RURAL NORTE,PICK-UP,NISSAN,2706,NEGRO,2202283160,95407433,2025,Gasolina,66,8.47,302.79,66469118,OPERADOR_9,Fuera de Servicio,DIRECCION GRAL. DEPARTAMENTALES NORTE,2
10010,LS425RX,COMISARIA CAPITAL ZONA 1,SEDAN,FORD,4631,BLANCO,5743268921,73643273,2022,Gasolina,51,13.92,180.5,50181721,OPERADOR_10,En Servicio,DIRECCION GRAL. SEGURIDAD CAPITAL,1
10011,VP172XM,BRIGADA CIVIL,PICK-UP,TOYOTA,1144,NEGRO,7145859221,51646882,2024,Diesel,71,9.47,371.03,53238744,OPERADOR_11,En Servicio,DIRECCION GRAL. INVESTIGACIONES CRIMINALES,6
10012,GK001RL,BRIGADA CIVIL,MOTOCICLETA,TOYOTA,2788,BLANCO,3798791334,87171351,2024,Gasolina,18,38.32,327.52,46993231,OPERADOR_12,Fuera de Servicio,DIRECCION GRAL. INVESTIGACIONES CRIMINALES,6
10013,GY604FD,POLICIA CAMINERA,MOTOCICLETA,FORD,1682,ROJO,5235699824,41932732,2023,Gasolina,96,30.15,203.27,41417143,OPERADOR_13,Fuera de Servicio,DIRECCION GRAL. DE POLICIA CAMINERA,5
10014,GZ672SO,COMISARIA CAPITAL ZONA 1,PICK-UP,CHEVROLET,1833,ROJO,1926054231,31321119,2020,Diesel,70,10.15,122.95,09348100,OPERADOR_14,Baja,DIRECCION GRAL. SEGURIDAD CAPITAL,1
10015,BY 045AV,SUBJEFATURA CAPITAL,PICK-UP,RENAULT,7136,BLANCO,5078262856,20159064,2025,Diesel,69,9.15,400.48,83882686,OPERADOR_15,Fuera de Servicio,,12
10016,LX575LE,JEFATURA,PICK-UP,FORD,6034,ROJO,8549943439,04747051,2015,Diesel,67,9.16,212.8,84043268,OPERADOR_16,Fuera de Servicio,,15
10017,ZO 073RM,BRIGADA CIVIL,CAMIÓN,TOYOTA,5359,NEGRO,6823105179,06547857,2019,Diesel,146,2.87,446.92,13871273,OPERADOR_17,Baja,DIRECCION GRAL. INVESTIGACIONES CRIMINALES,6
10018,YX424LE,JEFATURA,CAMIÓN,RENAULT,8614,BLANCO,0379566435,98254376,2025,Diesel,182,4.32,156.21,51547655,OPERADOR_18,En Servicio,,15
10019,XQ002XR,POLICIA CAMINERA,CAMIÓN,CHEVROLET,3789,BLANCO,9202222981,75112036,2023,Diesel,136,2.64,442.34,17537300,OPERADOR_19,Fuera de Servicio,DIRECCION GRAL. DE POLICIA CAMINERA,5
10020,MB899RC,COMISARIA CAPITAL ZONA 1,SEDAN,CHEVROLET,4076,GRIS,5113319130,89634933,2018,GNC,53,13.96,489.83,46112014,OPERADOR_20,En Servicio,DIRECCION GRAL. SEGURIDAD CAPITAL,1
10021,SZ485LH,SUBJEFATURA CAPITAL,SEDAN,RENAULT,0493,AZUL,1701124143,07588306,2015,GNC,55,11.73,232.74,8837 8230,OPERADOR_21,Fuera de Servicio,,12
10022,QA260FN,SUBJEFATURA CAPITAL,PICK-UP,NISSAN,6714,AZUL,6932350122,31026953,2019,Diesel,78,10.5,189.84,7859 2498,OPERADOR_22,Fuera de Servicio,,12
10023,ND789AK,PATRULLA RURAL NORTE,MOTOCICLETA,TOYOTA,2943,AZUL,0633736459,13816760,2024,Gasolina,18,30.21,202.87,51363911,OPERADOR_23,Baja,DIRECCION GRAL. DEPARTAMENTALES NORTE,2
10024,LF.399TN,COMISARIA CAPITAL ZONA 1,SEDAN,NISSAN,9207,BLANCO,6714934301,71600926,2018,GNC,59,12.1,128.22,01003405,OPERADOR_24,Baja,DIRECCION GRAL. SEGURIDAD CAPITAL,1
10025,BR099FU,PATRULLA RURAL NORTE,CAMIÓN,NISSAN,3269,GRIS,6280920421,24687902,2015,Diesel,148,3.41,469.19,97817562,OPERADOR_25,Baja,DIRECCION GRAL. DEPARTAMENTALES NORTE,2
10026,IG.716OZ,SUBJEFATURA CAPITAL,PICK-UP,CHEVROLET,4169,ROJO,9212306885,12146578,2022,Diesel,77,9.01,293.76,64886573,OPERADOR_26,En Servicio,,12
10027,PB186JN,SUBJEFATURA CAPITAL,MOTOCICLETA,FORD,2768,NEGRO,1200038567,06687751,2023,Gasolina,18,29.21,485.66,05683627,OPERADOR_27,Baja,,12
10028,RZ593ZU,JEFATURA,CAMIÓN,FORD,7383,AZUL,3457258009,23375861,2020,Diesel,132,4.01,107.64,87121261,OPERADOR_28,Fuera de Servicio,,15
10029,BZ021JT,COMISARIA CAPITAL ZONA 1,PICK-UP,RENAULT,7453,NEGRO,8201836805,30049671,2018,Diesel,80,9.52,106.0,14242245,OPERADOR_29,Baja,DIRECCION GRAL. SEGURIDAD CAPITAL,1
10030,AX394GU,POLICIA CAMINERA,SEDAN,TOYOTA,5010,GRIS,4713113961,51609589,2024,Gasolina,60,13.48,329.68,89323240,OPERADOR_30,Fuera de Servicio,DIRECCION GRAL. DE POLICIA CAMINERA,5
10031,RR983GU,SUBJEFATURA CAPITAL,PICK-UP,NISSAN,2859,BLANCO,2398715803,67957786,2016,Gasolina,76,7.68,160.19,32080652,OPERADOR_31,Baja,,12
10032,PH203RA,JEFATURA,MOTOCICLETA,NISSAN,7146,NEGRO,4746562122,11440726,2017,Gasolina,14,32.68,152.19,80607758,OPERADOR_32,Baja,,15
10033,GF964MR,COMISARIA CAPITAL ZONA 1,CAMIÓN,NISSAN,2515,ROJO,9983040812,56585873,2022,Diesel,122,3.76,118.83,16946594,OPERADOR_33,En Servicio,DIRECCION GRAL. SEGURIDAD CAPITAL,1
10034,PZ563MG,JEFATURA,SEDAN,FORD,2364,BLANCO,5692506843,72388064,2019,Gasolina,54,13.29,331.72,15217189,OPERADOR_34,Fuera de Servicio,,15
10035,LA584KG,BRIGADA CIVIL,CAMIÓN,RENAULT,8567,NEGRO,7686356707,73278181,2016,Diesel,185,2.53,145.76,67898714,OPERADOR_35,Fuera de Servicio,DIRECCION GRAL. INVESTIGACIONES CRIMINALES,6
10036,JM.777HP,POLICIA CAMINERA,PICK-UP,NISSAN,1672,NEGRO,0234591153,43739764,2016,Gasolina,65,8.39,462.25,82917652,OPERADOR_36,En Servicio,DIRECCION GRAL. DE POLICIA CAMINERA,5
10037,SG767VQ,PATRULLA RURAL NORTE,SEDAN,FORD,8060,BLANCO,6692797784,38738857,2021,GNC,48,11.12,196.68,09944926,OPERADOR_37,Fuera de Servicio,DIRECCION GRAL. DEPARTAMENTALES NORTE,2
10003,PY877AP,SUBJEFATURA CAPITAL,PICK-UP,CHEVROLET,1145,NEGRO,1983620827,04759621,2019,Diesel,67,9.4,332.4,52989404,OPERADOR_38,En Servicio,,12
10039,XH141WH,BRIGADA CIVIL,CAMIÓN,RENAULT,2291,BLANCO,0833485176,89719919,2015,Diesel,151,3.27,277.3,44795164,OPERADOR_39,En Servicio,DIRECCION GRAL. INVESTIGACIONES CRIMINALES,6
10040,BD607FX,PATRULLA RURAL NORTE,MOTOCICLETA,TOYOTA,0414,GRIS,3472713360,59633362,2022,Gasolina,17,35.64,159.34,7469 6082,OPERADOR_40,Baja,DIRECCION GRAL. DEPARTAMENTALES NORTE,2
10041,AK776GK,JEFATURA,MOTOCICLETA,NISSAN,3355,GRIS,1517604506,93808307,2023,Gasolina,13,36.04,233.37,89447984,OPERADOR_41,En Servicio,,15
10042,OH915XU,PATRULLA RURAL NORTE,MOTOCICLETA,TOYOTA,7581,BLANCO,9557291282,13168315,2025,Gasolina,16,34.07,152.59,33549321,OPERADOR_42,Fuera de Servicio,DIRECCION GRAL. DEPARTAMENTALES NORTE,2
10043,JG735SR,BRIGADA CIVIL,PICK-UP,FORD,6108,GRIS,3459266629,41274614,2018,Diesel,69,9.06,197.73,75713615,OPERADOR_43,Baja,DIRECCION GRAL. INVESTIGACIONES CRIMINALES,6
10044,TW753JR,COMISARIA CAPITAL ZONA 1,SEDAN,CHEVROLET,0904,ROJO,4024552285,07631896,2024,Gasolina,46,11.73,326.92,88102742,OPERADOR_44,Baja,DIRECCION GRAL. SEGURIDAD CAPITAL,1
10045,AN958UI,POLICIA CAMINERA,SEDAN,CHEVROLET,8827,GRIS,5967912100,82923626,2021,Gasolina,54,10.51,414.18,83438313,OPERADOR_45,En Servicio,DIRECCION GRAL. DE POLICIA CAMINERA,5
10046,CQ841OL,PATRULLA RURAL NORTE,MOTOCICLETA,NISSAN,3663,NEGRO,8783787246,65992177,2018,Gasolina,18,36.38,468.5,20882771,OPERADOR_46,Fuera de Servicio,DIRECCION GRAL. DEPARTAMENTALES NORTE,2
10047,IL975DZ,PATRULLA RURAL NORTE,SEDAN,TOYOTA,6542,ROJO,0567027153,03239308,2015,GNC,114,10.93,286.93,46604183,OPERADOR_47,Baja,DIRECCION GRAL. DEPARTAMENTALES NORTE,2
10048,ER669YO,JEFATURA,MOTOCICLETA,CHEVROLET,7317,ROJO,8457564881,13357666,2021,Gasolina,14,34.77,357.02,61672988,OPERADOR_48,,,15
10049,RX247EE,BRIGADA CIVIL,CAMIÓN,RENAULT,4130,ROJO,5509104280,27166290,2023,Diesel,171,4.08,127.6,96896473,OPERADOR_49,Fuera de Servicio,DIRECCION GRAL. INVESTIGACIONES CRIMINALES,6
10050,CZ552CW,COMISARIA CAPITAL ZONA 1,CAMIÓN,RENAULT,4349,BLANCO,5805459060,02506859,2016,Diesel,157,2.99,407.23,09642010,OPERADOR_50,En Servicio,DIRECCION GRAL. SEGURIDAD CAPITAL,1
10051,BX728PS,SUBJEFATURA CAPITAL,MOTOCICLETA,CHEVROLET,6828,ROJO,3326923168,55572356,2016,Gasolina,13,29.27,385.79,40577726,OPERADOR_51,En Servicio,,12
10052,SR648CP,POLICIA CAMINERA,SEDAN,NISSAN,1671,BLANCO,5299066784,23406487,2024,Gasolina,49,13.36,154.74,40689948,OPERADOR_52,Baja,DIRECCION GRAL. DE POLICIA CAMINERA,5
10053,SR778AI,COMISARIA CAPITAL ZONA 1,PICK-UP,NISSAN,7821,ROJO,7995046450,98493292,2017,Diesel,72,8.13,447.13,95269316,OPERADOR_53,Fuera de Servicio,DIRECCION GRAL. SEGURIDAD CAPITAL,1
10054,XE498OS,BRIGADA CIVIL,MOTOCICLETA,RENAULT,0856,GRIS,7177166414,56041031,2021,Gasolina,16,36.44,139.73,2740 2029,OPERADOR_54,En Servicio,DIRECCION GRAL. INVESTIGACIONES CRIMINALES,6
10055,VF230CE,PATRULLA RURAL NORTE,SEDAN,RENAULT,1654,NEGRO,3556289408,19851487,2015,GNC,48,10.13,196.14,22362629,OPERADOR_55,Baja,DIRECCION GRAL. DEPARTAMENTALES NORTE,2
10056,CL584XD,COMISARIA CAPITAL ZONA 1,CAMIÓN,CHEVROLET,9230,BLANCO,8634719458,47678534,2017,Diesel,175,4.18,139.16,95139756,OPERADOR_56,En Servicio,DIRECCION GRAL. SEGURIDAD CAPITAL,1
10057,TD929VR,JEFATURA,PICK-UP,RENAULT,6443,NEGRO,5252014002,48654496,2022,Gasolina,68,9.01,248.71,62212387,OPERADOR_57,Baja,,15
10058,WI010ZE,JEFATURA,MOTOCICLETA,NISSAN,9222,GRIS,3787318967,33985669,2019,Gasolina,15,35.04,345.96,41992596,OPERADOR_58,En Servicio,,15
10059,SA702VD,PATRULLA RURAL NORTE,SEDAN,FORD,2700,NEGRO,2367049536,61569750,2022,GNC,55,10.35,432.56,93297617,OPERADOR_59,Baja,DIRECCION GRAL. DEPARTAMENTALES NORTE,2
10060,XF562BF,COMISARIA CAPITAL ZONA 1,MOTOCICLETA,NISSAN,4821,ROJO,3116240781,63530087,2019,Gasolina,16,37.62,108.71,19628186,OPERADOR_60,En Servicio,DIRECCION GRAL. SEGURIDAD CAPITAL,1
10061,YF597UA,SUBJEFATURA CAPITAL,MOTOCICLETA,RENAULT,2851,NEGRO,8993899139,72672868,2022,Gasolina,17,30.66,148.5,96765167,OPERADOR_61,Fuera de Servicio,,12
10062,BF510KG,POLICIA CAMINERA,SEDAN,RENAULT,1153,BLANCO,0399352096,31503235,2017,Gasolina,50,12.63,171.6,19694135,OPERADOR_62,En Servicio,DIRECCION GRAL. DE POLICIA CAMINERA,5
10063,PA882PX,JEFATURA,MOTOCICLETA,CHEVROLET,1427,ROJO,4159913622,95022319,2025,Gasolina,14,31.49,230.88,17672303,OPERADOR_63,Baja,,15
10064,DL388WK,SUBJEFATURA CAPITAL,SEDAN,TOYOTA,8068,AZUL,7262632693,44321865,2022,GNC,45,13.12,130.45,06571162,OPERADOR_64,En Servicio,,12
10065,IR807DB,POLICIA CAMINERA,PICK-UP,RENAULT,3435,BLANCO,8921412546,08991128,2023,Diesel,69,8.97,411.2,22850815,OPERADOR_65,En Servicio,DIRECCION GRAL. DE POLICIA CAMINERA,5
10066,KB560UG,COMISARIA CAPITAL ZONA 1,MOTOCICLETA,CHEVROLET,5533,AZUL,2541958753,02563311,2015,Gasolina,13,33.58,281.61,80652559,OPERADOR_66,,DIRECCION GRAL. SEGURIDAD CAPITAL,1
10067,NM185XR,SUBJEFATURA CAPITAL,MOTOCICLETA,NISSAN,5920,ROJO,6827804998,55625216,2022,Gasolina,12,27.5,169.72,6872 7158,OPERADOR_67,En Servicio,,12
10068,ZS215DY,SUBJEFATURA CAPITAL,SEDAN,FORD,3865,BLANCO,1697287222,98646141,2016,Gasolina,56,9.68,127.8,93837346,OPERADOR_68,Baja,,12
10069,AK605HP,COMISARIA CAPITAL ZONA 1,MOTOCICLETA,TOYOTA,1197,GRIS,8315864581,25326798,2020,Gasolina,17,25.66,330.34,63991626,OPERADOR_69,Baja,DIRECCION GRAL. SEGURIDAD CAPITAL,1
10070,CW421VF,JEFATURA,CAMIÓN,RENAULT,3266,ROJO,5475541472,52784219,2016,Diesel,166,3.62,458.9,21694168,OPERADOR_70,Baja,,15
10071,CF084PF,POLICIA CAMINERA,MOTOCICLETA,TOYOTA,2862,GRIS,5857722149,63615939,2025,Gasolina,17,25.06,224.59,76298233,OPERADOR_71,Baja,DIRECCION GRAL. DE POLICIA CAMINERA,5
10072,MW.620MC,BRIGADA CIVIL,SEDAN,NISSAN,3964,BLANCO,8400665148,90615306,2019,Gasolina,47,9.1,419.55,98005257,OPERADOR_72,Baja,DIRECCION GRAL. INVESTIGACIONES CRIMINALES,6
10073,HJ182NJ,SUBJEFATURA CAPITAL,SEDAN,RENAULT,1068,GRIS,7157341290,78977185,2025,Gasolina,52,12.38,300.71,72281821,OPERADOR_73,Fuera de Servicio,,12
10074,RN775IF,SUBJEFATURA CAPITAL,SEDAN,FORD,7059,AZUL,0673779555,25565231,2022,Gasolina,55,10.28,251.61,02113009,OPERADOR_74,Fuera de Servicio,,12
10124,GU559EO,SUBJEFATURA CAPITAL,MOTOCICLETA,TOYOTA,1977,NEGRO,9316678886,95267851,2017,Gasolina,16,34.31,438.45,09663748,OPERADOR_75,En Servicio,,12
10076,MI577LO,COMISARIA CAPITAL ZONA 1,SEDAN,CHEVROLET,7946,NEGRO,8272462678,12755696,2015,Gasolina,54,12.79,320.6,30044696,OPERADOR_76,Fuera de Servicio,DIRECCION GRAL. SEGURIDAD CAPITAL,1
10077,VZ681BT,BRIGADA CIVIL,PICK-UP,RENAULT,6487,GRIS,9646234675,16619883,2021,Gasolina,77,7.94,353.24,90545283,OPERADOR_77,En Servicio,DIRECCION GRAL. INVESTIGACIONES CRIMINALES,6
10078,BQ544FI,PATRULLA RURAL NORTE,PICK-UP,FORD,0125,NEGRO,9691295484,15348320,2020,Diesel,75,7.11,305.99,84727285,OPERADOR_78,Fuera de Servicio,DIRECCION GRAL. DEPARTAMENTALES NORTE,2
10079,WV482NU,PATRULLA RURAL NORTE,CAMIÓN,TOYOTA,9620,BLANCO,8323514417,78296309,2016,Diesel,194,3.59,176.86,14333949,OPERADOR_79,Fuera de Servicio,DIRECCION GRAL. DEPARTAMENTALES NORTE,2
10080,HP079FL,COMISARIA CAPITAL ZONA 1,PICK-UP,FORD,7493,AZUL,3449086610,77290721,2019,Diesel,76,8.72,158.23,50455389,OPERADOR_80,Fuera de Servicio,DIRECCION GRAL. SEGURIDAD CAPITAL,1
10081,VQ744IZ,COMISARIA CAPITAL ZONA 1,CAMIÓN,RENAULT,4697,ROJO,7840416841,37233794,2015,Diesel,196,3.35,467.71,13522869,OPERADOR_81,,DIRECCION GRAL. SEGURIDAD CAPITAL,1
10082,EG920OJ,POLICIA CAMINERA,MOTOCICLETA,CHEVROLET,3778,GRIS,3363693588,15273225,2017,Gasolina,13,30.46,321.63,57952392,OPERADOR_82,Baja,DIRECCION GRAL. DE POLICIA CAMINERA,5
10083,GG728LY,JEFATURA,SEDAN,CHEVROLET,0550,NEGRO,8248824383,70295753,2025,GNC,49,10.32,229.66,62580561,OPERADOR_83,Fuera de Servicio,,15
10084,KR925QA,POLICIA CAMINERA,CAMIÓN,TOYOTA,5314,BLANCO,0995088475,91551724,2023,Diesel,188,3.99,419.8,93884291,OPERADOR_84,Fuera de Servicio,DIRECCION GRAL. DE POLICIA CAMINERA,5
10085,VM394XT,BRIGADA CIVIL,CAMIÓN,TOYOTA,0899,BLANCO,9429764660,65207320,2016,Diesel,133,2.5,264.7,48951115,OPERADOR_85,Fuera de Servicio,DIRECCION GRAL. INVESTIGACIONES CRIMINALES,6
10086,VN092CA,SUBJEFATURA CAPITAL,MOTOCICLETA,RENAULT,8611,BLANCO,5287650123,65765356,2020,Gasolina,15,39.1,445.73,81298331,OPERADOR_86,En Servicio,,12
10087,YM.551VI,POLICIA CAMINERA,SEDAN,TOYOTA,7480,GRIS,8837928638,42299726,2023,GNC,59,10.38,457.01,71987477,OPERADOR_87,En Servicio,DIRECCION GRAL. DE POLICIA CAMINERA,5
10088,OE251NX,PATRULLA RURAL NORTE,PICK-UP,NISSAN,5439,BLANCO,4250493473,80876384,2017,Diesel,71,8.07,321.56,99822110,OPERADOR_88,Fuera de Servicio,DIRECCION GRAL. DEPARTAMENTALES NORTE,2
10089,PA829HV,PATRULLA RURAL NORTE,SEDAN,FORD,0070,AZUL,9767073065,36638980,2016,Gasolina,54,13.19,269.14,84419909,OPERADOR_89,Baja,DIRECCION GRAL. DEPARTAMENTALES NORTE,2
10090,UW.250EE,COMISARIA CAPITAL ZONA 1,CAMIÓN,RENAULT,7328,AZUL,4386112674,20303432,2025,Diesel,139,3.92,209.55,56596769,OPERADOR_90,Baja,DIRECCION GRAL. SEGURIDAD CAPITAL,1
10091,AU359SI,JEFATURA,CAMIÓN,CHEVROLET,2093,GRIS,4924300114,73421362,2023,Diesel,187,4.2,189.34,68065391,OPERADOR_91,En Servicio,,15
10092,NX072UH,PATRULLA RURAL NORTE,CAMIÓN,TOYOTA,8260,NEGRO,9121772239,95487357,2020,Diesel,129,2.67,170.24,49036770,OPERADOR_92,Fuera de Servicio,DIRECCION GRAL. DEPARTAMENTALES NORTE,2
10093,OA562CI,JEFATURA,MOTOCICLETA,CHEVROLET,0006,BLANCO,5728040238,14622935,2024,Gasolina,15,39.92,494.01,76813829,OPERADOR_93,Fuera de Servicio,,15
10094,IZ684VM,PATRULLA RURAL NORTE,MOTOCICLETA,FORD,7992,ROJO,1394567145,95818998,2025,Gasolina,13,26.11,153.67,0824 2915,OPERADOR_94,Fuera de Servicio,DIRECCION GRAL. DEPARTAMENTALES NORTE,2
10095,PC705QY,PATRULLA RURAL NORTE,CAMIÓN,NISSAN,7791,ROJO,2734372245,14025522,2022,Diesel,142,4.41,375.92,68923373,OPERADOR_95,Baja,DIRECCION GRAL. DEPARTAMENTALES NORTE,2
10096,S/D,PATRULLA RURAL NORTE,PICK-UP,CHEVROLET,2707,NEGRO,9595504173,26227357,2019,Diesel,74,8.51,211.5,38429351,OPERADOR_96,En Servicio,DIRECCION GRAL. DEPARTAMENTALES NORTE,2
10097,CX888MJ,JEFATURA,PICK-UP,FORD,3561,GRIS,2369303052,22821431,2024,Diesel,77,9.93,144.2,58746268,OPERADOR_97,Fuera de Servicio,,15
10061,LO644RE,POLICIA CAMINERA,CAMIÓN,NISSAN,7853,ROJO,0907350203,06257920,2025,Diesel,192,3.19,386.01,86446655,OPERADOR_98,Fuera de Servicio,DIRECCION GRAL. DE POLICIA CAMINERA,5
10099,GI006WV,COMISARIA CAPITAL ZONA 1,CAMIÓN,NISSAN,1749,AZUL,3143311999,14149376,2017,Diesel,142,3.57,188.53,97305937,OPERADOR_99,Baja,DIRECCION GRAL. SEGURIDAD CAPITAL,1
10100,EQ334SR,POLICIA CAMINERA,CAMIÓN,RENAULT,1745,ROJO,5476981896,85412777,2024,Diesel,122,3.75,381.66,11426854,OPERADOR_100,Fuera de Servicio,DIRECCION GRAL. DE POLICIA CAMINERA,5
10101,WE569ZA,POLICIA CAMINERA,CAMIÓN,TOYOTA,9590,NEGRO,7792917498,30749446,2025,Diesel,172,2.74,351.11,59774958,OPERADOR_101,En Servicio,DIRECCION GRAL. DE POLICIA CAMINERA,5
10102,SL956PP,COMISARIA CAPITAL ZONA 1,SEDAN,RENAULT,9566,GRIS,1386058694,91231777,2023,Gasolina,47,9.65,182.86,47448417,OPERADOR_102,En Servicio,DIRECCION GRAL. SEGURIDAD CAPITAL,1
10103,TV.023PF,BRIGADA CIVIL,CAMIÓN,NISSAN,6992,GRIS,5566726830,51659572,2015,Diesel,147,2.53,120.8,93665047,OPERADOR_103,Fuera de Servicio,DIRECCION GRAL. INVESTIGACIONES CRIMINALES,6
10104,IW001MO,COMISARIA CAPITAL ZONA 1,CAMIÓN,FORD,8120,AZUL,3748704169,28877088,2016,Diesel,183,3.89,376.64,94605583,OPERADOR_104,Fuera de Servicio,DIRECCION GRAL. SEGURIDAD CAPITAL,1
10105,AY521KQ,POLICIA CAMINERA,PICK-UP,TOYOTA,7949,BLANCO,9724072861,33493427,2019,Diesel,73,10.38,158.97,84117608,OPERADOR_105,En Servicio,DIRECCION GRAL. DE POLICIA CAMINERA,5
10106,FD025EU,BRIGADA CIVIL,MOTOCICLETA,NISSAN,2209,GRIS,8382701585,10802204,2024,Gasolina,17,37.06,277.38,95021635,OPERADOR_106,En Servicio,DIRECCION GRAL. INVESTIGACIONES CRIMINALES,6
10107,GN065MU,SUBJEFATURA CAPITAL,CAMIÓN,FORD,3123,AZUL,2112843460,63199850,2018,Diesel,125,3.3,184.23,08258140,OPERADOR_107,En Servicio,,12
10108,LD590BU,SUBJEFATURA CAPITAL,MOTOCICLETA,RENAULT,9242,GRIS,1224499709,02765483,2018,Gasolina,14,28.03,489.59,68507892,OPERADOR_108,En Servicio,,12
10109,NI804OS,BRIGADA CIVIL,CAMIÓN,RENAULT,2201,GRIS,3653998458,61994870,2021,Diesel,192,2.79,434.3,56123002,OPERADOR_109,Baja,DIRECCION GRAL. INVESTIGACIONES CRIMINALES,6
10110,EH 527CE,BRIGADA CIVIL,SEDAN,RENAULT,7686,BLANCO,5289379884,95259688,2016,Gasolina,48,13.19,419.42,94274538,OPERADOR_110,Fuera de Servicio,DIRECCION GRAL. INVESTIGACIONES CRIMINALES,6
10111,AH143YU,JEFATURA,SEDAN,RENAULT,9161,ROJO,0046985748,05865970,2021,Gasolina,49,11.91,135.82,58601004,OPERADOR_111,Baja,,15
10080,HS393US,COMISARIA CAPITAL ZONA 1,PICK-UP,NISSAN,4343,AZUL,2755716603,51085446,2025,Diesel,70,9.91,468.2,40003391,OPERADOR_112,Baja,DIRECCION GRAL. SEGURIDAD CAPITAL,1
10113,KJ895MS,COMISARIA CAPITAL ZONA 1,PICK-UP,RENAULT,1767,GRIS,8825487491,29977878,2020,Gasolina,65,8.33,141.59,00454577,OPERADOR_113,En Servicio,DIRECCION GRAL. SEGURIDAD CAPITAL,1
10114,GN065MU,BRIGADA CIVIL,SEDAN,RENAULT,2539,AZUL,9735593829,92514254,2021,Gasolina,51,12.5,464.7,86515377,OPERADOR_114,En Servicio,DIRECCION GRAL. INVESTIGACIONES CRIMINALES,6
10115,KM361OR,SUBJEFATURA CAPITAL,PICK-UP,TOYOTA,8678,ROJO,1076731307,34109792,2024,Diesel,70,10.25,333.32,97548564,OPERADOR_115,Baja,,12
10116,FQ153IE,PATRULLA RURAL NORTE,CAMIÓN,RENAULT,7482,ROJO,2084441087,35528037,2016,Diesel,133,3.69,393.6,40084736,OPERADOR_116,En Servicio,DIRECCION GRAL. DEPARTAMENTALES NORTE,2
10117,SIN DOMINIO,SUBJEFATURA CAPITAL,SEDAN,NISSAN,9266,GRIS,4344376984,91201840,2022,Gasolina,56,12.65,395.3,76761610,OPERADOR_117,Fuera de Servicio,,12
10118,BT509RC,JEFATURA,MOTOCICLETA,TOYOTA,7018,BLANCO,1175154759,35316395,2022,Gasolina,16,26.48,157.19,44828493,OPERADOR_118,Fuera de Servicio,,15
10130,US881ED,COMISARIA CAPITAL ZONA 1,MOTOCICLETA,FORD,5990,AZUL,8985976937,96536946,2018,Gasolina,18,38.39,264.41,65482978,OPERADOR_119,En Servicio,DIRECCION GRAL. SEGURIDAD CAPITAL,1
10120,JP712ZZ,JEFATURA,SEDAN,CHEVROLET,2829,NEGRO,0764470857,00125276,2024,Gasolina,60,12.76,375.58,01205303,OPERADOR_120,Fuera de Servicio,,15
10121,IP994EO,POLICIA CAMINERA,CAMIÓN,NISSAN,6516,ROJO,1697173809,39209857,2021,Diesel,169,4.25,270.89,90775357,OPERADOR_121,Fuera de Servicio,DIRECCION GRAL. DE POLICIA CAMINERA,5
10122,GK001RL,JEFATURA,CAMIÓN,TOYOTA,5214,NEGRO,4803632704,03701845,2017,Diesel,196,3.85,326.13,31454862,OPERADOR_122,En Servicio,,15
10123,UE983CM,SUBJEFATURA CAPITAL,MOTOCICLETA,CHEVROLET,8667,BLANCO,4322209894,98842841,2024,Gasolina,13,32.55,485.16,88086992,OPERADOR_123,En Servicio,,12
10124,YL095AU,BRIGADA CIVIL,MOTOCICLETA,FORD,0550,BLANCO,3200045621,40492237,2020,Gasolina,15,31.17,337.45,69645852,OPERADOR_124,Fuera de Servicio,DIRECCION GRAL. INVESTIGACIONES CRIMINALES,6
10125,QO157LS,COMISARIA CAPITAL ZONA 1,PICK-UP,NISSAN,1471,ROJO,6368219693,55856378,2025,Diesel,80,9.49,116.5,45676984,OPERADOR_125,En Servicio,DIRECCION GRAL. SEGURIDAD CAPITAL,1
10126,JD791UA,POLICIA CAMINERA,PICK-UP,CHEVROLET,7145,NEGRO,2732181123,32394361,2023,Diesel,79,9.83,198.06,08115158,OPERADOR_126,Baja,DIRECCION GRAL. DE POLICIA CAMINERA,5
10127,YT447YO,COMISARIA CAPITAL ZONA 1,PICK-UP,TOYOTA,0037,AZUL,0005842588,47412392,2015,Gasolina,74,8.22,231.59,4612 3172,OPERADOR_127,,DIRECCION GRAL. SEGURIDAD CAPITAL,1
10128,ZQ114LF,COMISARIA CAPITAL ZONA 1,PICK-UP,FORD,9706,AZUL,2350769019,11961980,2017,Gasolina,73,8.27,350.93,50975819,OPERADOR_128,Baja,DIRECCION GRAL. SEGURIDAD CAPITAL,1
10129,BK452WB,BRIGADA CIVIL,MOTOCICLETA,RENAULT,6476,BLANCO,3803284395,56037636,2022,Gasolina,14,32.35,390.55,23746625,OPERADOR_129,Baja,DIRECCION GRAL. INVESTIGACIONES CRIMINALES,6
10130,NA407KD,BRIGADA CIVIL,MOTOCICLETA,RENAULT,3045,ROJO,0183232562,16965640,2020,Gasolina,12,38.98,453.88,89886290,OPERADOR_130,En Servicio,DIRECCION GRAL. INVESTIGACIONES CRIMINALES,6
10131,MA275LZ,JEFATURA,CAMIÓN,NISSAN,7752,GRIS,2600976743,41994160,2018,Diesel,148,3.51,383.95,86788975,OPERADOR_131,Baja,,15
10132,FL154QS,POLICIA CAMINERA,MOTOCICLETA,CHEVROLET,0928,GRIS,4190370902,17877259,2017,Gasolina,17,28.96,125.51,18877207,OPERADOR_132,Baja,DIRECCION GRAL. DE POLICIA CAMINERA,5
10154,UA879TD,BRIGADA CIVIL,PICK-UP,NISSAN,1290,AZUL,5291610968,61405032,2018,Diesel,78,9.26,192.23,02378928,OPERADOR_133,Fuera de Servicio,DIRECCION GRAL. INVESTIGACIONES CRIMINALES,6
10134,AR647EE,COMISARIA CAPITAL ZONA 1,MOTOCICLETA,RENAULT,9968,GRIS,7515996720,83964957,2019,Gasolina,12,30.8,167.8,23450545,OPERADOR_134,En Servicio,DIRECCION GRAL. SEGURIDAD CAPITAL,1
10135,BO829WO,BRIGADA CIVIL,CAMIÓN,TOYOTA,7667,GRIS,0233267264,03660145,2019,Diesel,153,2.75,336.75,12214349,OPERADOR_135,Fuera de Servicio,DIRECCION GRAL. INVESTIGACIONES CRIMINALES,6
10136,QP457SN,BRIGADA CIVIL,PICK-UP,FORD,0582,BLANCO,9379092427,32394506,2024,Diesel,67,10.14,187.84,04446934,OPERADOR_136,Baja,DIRECCION GRAL. INVESTIGACIONES CRIMINALES,6
10137,IL325NZ,PATRULLA RURAL NORTE,MOTOCICLETA,CHEVROLET,6210,NEGRO,0455496999,88300466,2018,Gasolina,16,38.21,414.12,08475939,OPERADOR_137,En Servicio,DIRECCION GRAL. DEPARTAMENTALES NORTE,2
10138,FQ742ME,PATRULLA RURAL NORTE,SEDAN,RENAULT,0800,NEGRO,6490283107,05324074,2023,Gasolina,97,13.72,150.15,63361991,OPERADOR_138,Baja,DIRECCION GRAL. DEPARTAMENTALES NORTE,2
10139,TO829XP,POLICIA CAMINERA,MOTOCICLETA,NISSAN,1943,AZUL,5803805433,47620617,2018,Gasolina,12,35.64,383.68,02510542,OPERADOR_139,Fuera de Servicio,DIRECCION GRAL. DE POLICIA CAMINERA,5
10140,MH554ZN,BRIGADA CIVIL,PICK-UP,RENAULT,7336,GRIS,5855698920,36073126,2021,Diesel,74,7.61,233.04,06991175,OPERADOR_140,En Servicio,DIRECCION GRAL. INVESTIGACIONES CRIMINALES,6
10141,MV247XH,SUBJEFATURA CAPITAL,SEDAN,TOYOTA,3627,NEGRO,7277780947,80624334,2015,GNC,108,13.31,446.92,53494484,OPERADOR_141,Baja,,12
10142,OB178DQ,SUBJEFATURA CAPITAL,MOTOCICLETA,CHEVROLET,8090,BLANCO,3521850539,88146489,2015,Gasolina,13,39.47,374.46,71607885,OPERADOR_142,Baja,,12
10143,OX249DC,PATRULLA RURAL NORTE,PICK-UP,NISSAN,4072,AZUL,0407009381,33350025,2016,Gasolina,74,7.71,283.43,89041315,OPERADOR_143,Baja,DIRECCION GRAL. DEPARTAMENTALES NORTE,2
10144,TK 497DL,POLICIA CAMINERA,CAMIÓN,FORD,5091,NEGRO,4320646287,33115183,2020,Diesel,183,3.46,285.9,55621018,OPERADOR_144,En Servicio,DIRECCION GRAL. DE POLICIA CAMINERA,5
10145,KE417QG,BRIGADA CIVIL,CAMIÓN,RENAULT,6889,ROJO,1196477951,26737669,2023,Diesel,145,2.51,396.23,83769801,OPERADOR_145,Fuera de Servicio,DIRECCION GRAL. INVESTIGACIONES CRIMINALES,6
10146,SP773UL,COMISARIA CAPITAL ZONA 1,MOTOCICLETA,CHEVROLET,9467,ROJO,3958891762,86715950,2017,Gasolina,14,31.04,430.11,00535638,OPERADOR_146,Baja,DIRECCION GRAL. SEGURIDAD CAPITAL,1
10147,TD929VR,PATRULLA RURAL NORTE,MOTOCICLETA,RENAULT,7837,NEGRO,3732671693,88731180,2024,Gasolina,13,38.74,401.47,22094313,OPERADOR_147,Fuera de Servicio,DIRECCION GRAL. DEPARTAMENTALES NORTE,2
10148,IQ064YI,POLICIA CAMINERA,PICK-UP,FORD,5831,GRIS,4212335913,78166066,2025,Diesel,163,7.33,151.48,14881125,OPERADOR_148,Fuera de Servicio,DIRECCION GRAL. DE POLICIA CAMINERA,5
10149,YH797TU,COMISARIA CAPITAL ZONA 1,MOTOCICLETA,NISSAN,0980,NEGRO,0389552301,08658683,2016,Gasolina,14,36.42,463.12,12152811,OPERADOR_149,Fuera de Servicio,DIRECCION GRAL. SEGURIDAD CAPITAL,1
10150,LP715SJ,BRIGADA CIVIL,MOTOCICLETA,TOYOTA,6570,NEGRO,2188649967,83385951,2020,Gasolina,13,27.33,480.92,70357791,OPERADOR_150,Baja,DIRECCION GRAL. INVESTIGACIONES CRIMINALES,6
10151,DT878YE,POLICIA CAMINERA,SEDAN,NISSAN,7246,GRIS,3942665113,58686318,2019,Gasolina,55,10.68,115.59,72334623,OPERADOR_151,En Servicio,DIRECCION GRAL. DE POLICIA CAMINERA,5
10152,PW596QL,SUBJEFATURA CAPITAL,SEDAN,TOYOTA,3854,AZUL,4576494171,67798338,2016,GNC,60,11.66,114.1,16119872,OPERADOR_152,En Servicio,,12
10153,ZX814PG,SUBJEFATURA CAPITAL,PICK-UP,FORD,3411,ROJO,3259138270,43295815,2023,Diesel,71,8.38,302.08,78927612,OPERADOR_153,En Servicio,,12
10154,WV618FK,BRIGADA CIVIL,MOTOCICLETA,FORD,8003,ROJO,8046317582,96730051,2020,Gasolina,17,34.13,314.89,87183985,OPERADOR_154,En Servicio,DIRECCION GRAL. INVESTIGACIONES CRIMINALES,6
10155,ET016OO,JEFATURA,PICK-UP,TOYOTA,1349,ROJO,7277935713,83421452,2019,Gasolina,65,7.08,134.5,15852801,OPERADOR_155,Fuera de Servicio,,15
10156,UR072ZN,POLICIA CAMINERA,MOTOCICLETA,RENAULT,2338,BLANCO,8754660511,73238379,2021,Gasolina,17,25.86,337.01,06211972,OPERADOR_156,Baja,DIRECCION GRAL. DE POLICIA CAMINERA,5
10157,QR780AV,JEFATURA,MOTOCICLETA,CHEVROLET,4464,BLANCO,3853229909,50267360,2018,Gasolina,18,29.99,391.55,35034277,OPERADOR_157,Baja,,15
10158,OX249DC,PATRULLA RURAL NORTE,SEDAN,FORD,3631,GRIS,3799195167,28732598,2017,Gasolina,58,10.88,358.4,15178858,OPERADOR_158,En Servicio,DIRECCION GRAL. DEPARTAMENTALES NORTE,2
10159,XZ888MZ,COMISARIA CAPITAL ZONA 1,SEDAN,TOYOTA,8478,ROJO,9082601146,02187459,2016,Gasolina,49,9.3,434.42,20947180,OPERADOR_159,Baja,DIRECCION GRAL. SEGURIDAD CAPITAL,1
10160,MM686GN,JEFATURA,MOTOCICLETA,NISSAN,0634,GRIS,4506369410,02867977,2017,Gasolina,16,30.12,185.5,59012183,OPERADOR_160,En Servicio,,15
10161,SA199GN,POLICIA CAMINERA,MOTOCICLETA,TOYOTA,4873,BLANCO,3035490785,21325300,2023,Gasolina,18,27.62,283.95,73570024,OPERADOR_161,En Servicio,DIRECCION GRAL. DE POLICIA CAMINERA,5
10162,MR508KL,POLICIA CAMINERA,MOTOCICLETA,RENAULT,9903,BLANCO,7446054805,65878681,2025,Gasolina,15,28.4,158.54,76305005,OPERADOR_162,Baja,DIRECCION GRAL. DE POLICIA CAMINERA,5
10163,MX.687KH,POLICIA CAMINERA,MOTOCICLETA,NISSAN,4293,NEGRO,6079636123,97470823,2025,Gasolina,13,34.62,414.78,06309538,OPERADOR_163,,DIRECCION GRAL. DE POLICIA CAMINERA,5
10164,TP583LI,SUBJEFATURA CAPITAL,SEDAN,NISSAN,1996,AZUL,0831733951,12057113,2018,Gasolina,51,10.75,372.34,43847508,OPERADOR_164,Fuera de Servicio,,12
10165,GN588WC,SUBJEFATURA CAPITAL,MOTOCICLETA,RENAULT,7548,NEGRO,1948532180,78504400,2018,Gasolina,18,37.11,490.1,96150910,OPERADOR_165,Baja,,12
10166,RT668RN,POLICIA CAMINERA,PICK-UP,CHEVROLET,6300,BLANCO,2970228661,47015295,2020,Gasolina,76,8.7,450.55,84752577,OPERADOR_166,En Servicio,DIRECCION GRAL. DE POLICIA CAMINERA,5
10167,ML083ZT,POLICIA CAMINERA,CAMIÓN,FORD,7804,GRIS,6071715481,32794022,2020,Diesel,147,3.6,142.11,62203059,OPERADOR_167,En Servicio,DIRECCION GRAL. DE POLICIA CAMINERA,5
10168,KE 881OU,COMISARIA CAPITAL ZONA 1,SEDAN,FORD,1554,NEGRO,6140648378,60838270,2022,Gasolina,46,11.71,443.53,96589219,OPERADOR_168,En Servicio,DIRECCION GRAL. SEGURIDAD CAPITAL,1
10169,HC164HZ,COMISARIA CAPITAL ZONA 1,MOTOCICLETA,RENAULT,4499,AZUL,6317653111,60548486,2024,Gasolina,17,29.15,462.51,04478785,OPERADOR_169,En Servicio,DIRECCION GRAL. SEGURIDAD CAPITAL,1
10170,KP271XL,PATRULLA RURAL NORTE,CAMIÓN,CHEVROLET,4495,ROJO,7945001133,63023178,2023,Diesel,126,3.07,433.66,14130567,OPERADOR_170,En Servicio,DIRECCION GRAL. DEPARTAMENTALES NORTE,2
10018,GF594ZE,BRIGADA CIVIL,SEDAN,NISSAN,8920,GRIS,2359043115,04451901,2022,GNC,52,10.76,189.77,95550404,OPERADOR_171,Fuera de Servicio,DIRECCION GRAL. INVESTIGACIONES CRIMINALES,6
10172,CD686CX,COMISARIA CAPITAL ZONA 1,PICK-UP,RENAULT,6844,NEGRO,4743835970,53147772,2021,Diesel,79,7.33,248.83,36201122,OPERADOR_172,Fuera de Servicio,DIRECCION GRAL. SEGURIDAD CAPITAL,1
10173,SIN DOMINIO,SUBJEFATURA CAPITAL,CAMIÓN,RENAULT,2118,NEGRO,7930201637,70786756,2020,Diesel,198,2.76,394.17,84011717,OPERADOR_173,Fuera de Servicio,,12
10174,TO594BL,COMISARIA CAPITAL ZONA 1,SEDAN,CHEVROLET,6598,ROJO,2961792242,26217201,2021,Gasolina,51,13.7,300.7,77394369,OPERADOR_174,Baja,DIRECCION GRAL. SEGURIDAD CAPITAL,1
10175,PB186JN,JEFATURA,CAMIÓN,RENAULT,8219,BLANCO,2627284514,29158797,2025,Diesel,188,3.9,160.04,86864967,OPERADOR_175,Baja,,15
10176,EH131DR,COMISARIA CAPITAL ZONA 1,CAMIÓN,FORD,2254,GRIS,4919595595,54329405,2020,Diesel,126,4.03,324.78,02501112,OPERADOR_176,Fuera de Servicio,DIRECCION GRAL. SEGURIDAD CAPITAL,1
10177,EY534WG,COMISARIA CAPITAL ZONA 1,PICK-UP,FORD,9636,NEGRO,4456212975,74614142,2023,Diesel,67,9.94,374.97,21070983,OPERADOR_177,Baja,DIRECCION GRAL. SEGURIDAD CAPITAL,1
10178,S/D,COMISARIA CAPITAL ZONA 1,CAMIÓN,TOYOTA,6308,BLANCO,2676828689,32035187,2017,Diesel,122,2.9,211.63,84204126,OPERADOR_178,Fuera de Servicio,DIRECCION GRAL. SEGURIDAD CAPITAL,1
10179,EU.336AR,SUBJEFATURA CAPITAL,PICK-UP,TOYOTA,9803,GRIS,4633959358,99201136,2015,Gasolina,71,10.42,178.34,11745499,OPERADOR_179,Fuera de Servicio,,12
10180,IF642RW,BRIGADA CIVIL,PICK-UP,NISSAN,2674,ROJO,9579909369,57313330,2020,Gasolina,73,7.2,458.26,58149105,OPERADOR_180,Baja,DIRECCION GRAL. INVESTIGACIONES CRIMINALES,6
10181,SIN DOMINIO,COMISARIA CAPITAL ZONA 1,PICK-UP,RENAULT,8251,AZUL,3525246989,36078830,2025,Diesel,73,8.05,255.08,61671240,OPERADOR_181,Fuera de Servicio,DIRECCION GRAL. SEGURIDAD CAPITAL,1
10182,QL688QN,JEFATURA,MOTOCICLETA,FORD,4691,ROJO,5950329272,31296899,2022,Gasolina,15,27.35,341.34,67360632,OPERADOR_182,En Servicio,,15
10183,VN385NZ,SUBJEFATURA CAPITAL,CAMIÓN,NISSAN,4134,NEGRO,7109520241,37571483,2023,Diesel,138,2.66,418.03,59097257,OPERADOR_183,En Servicio,,12
10184,MT986QX,COMISARIA CAPITAL ZONA 1,PICK-UP,CHEVROLET,2328,BLANCO,0393392444,58707768,2025,Diesel,80,7.82,186.54,16082234,OPERADOR_184,Baja,DIRECCION GRAL. SEGURIDAD CAPITAL,1
10185,ME.526VH,JEFATURA,SEDAN,TOYOTA,8784,GRIS,6526781604,74208287,2022,Gasolina,52,13.39,299.96,36247653,OPERADOR_185,En Servicio,,15
10186,QS086SV,BRIGADA CIVIL,SEDAN,TOYOTA,6034,BLANCO,7201261398,81223156,2015,Gasolina,54,12.61,195.81,1511 4366,OPERADOR_186,En Servicio,DIRECCION GRAL. INVESTIGACIONES CRIMINALES,6
10187,ER669YO,PATRULLA RURAL NORTE,MOTOCICLETA,FORD,5862,BLANCO,7180041934,75369784,2015,Gasolina,12,39.02,173.28,42432499,OPERADOR_187,Fuera de Servicio,DIRECCION GRAL. DEPARTAMENTALES NORTE,2
10188,JE198GC,SUBJEFATURA CAPITAL,MOTOCICLETA,TOYOTA,9388,ROJO,5909207137,23113411,2017,Gasolina,14,32.13,127.87,89232327,OPERADOR_188,Baja,,12
10094,FP957KO,SUBJEFATURA CAPITAL,SEDAN,RENAULT,0043,GRIS,3897156692,89113145,2021,Gasolina,57,11.64,132.1,77105697,OPERADOR_189,Fuera de Servicio,,12
10190,S/D,COMISARIA CAPITAL ZONA 1,PICK-UP,RENAULT,5363,GRIS,5930381581,44267273,2018,Gasolina,71,7.74,164.02,76618500,OPERADOR_190,En Servicio,DIRECCION GRAL. SEGURIDAD CAPITAL,1
10191,CI865IC,COMISARIA CAPITAL ZONA 1,SEDAN,FORD,6822,NEGRO,4809470770,91433716,2018,Gasolina,46,11.4,229.28,49644798,OPERADOR_191,Fuera de Servicio,DIRECCION GRAL. SEGURIDAD CAPITAL,1
10192,JF 239DL,COMISARIA CAPITAL ZONA 1,PICK-UP,TOYOTA,8651,GRIS,9910424085,63661983,2022,Diesel,73,10.76,392.26,11895074,OPERADOR_192,En Servicio,DIRECCION GRAL. SEGURIDAD CAPITAL,1
10193,EI703LR,SUBJEFATURA CAPITAL,CAMIÓN,NISSAN,3437,ROJO,4433433352,85834438,2017,Diesel,149,4.23,457.58,87314633,OPERADOR_193,En Servicio,,12
10194,GH201HA,COMISARIA CAPITAL ZONA 1,SEDAN,NISSAN,9477,AZUL,2469568539,73701017,2025,Gasolina,112,9.41,131.94,12483676,OPERADOR_194,Baja,DIRECCION GRAL. SEGURIDAD CAPITAL,1
10195,KL756RC,COMISARIA CAPITAL ZONA 1,PICK-UP,CHEVROLET,9261,ROJO,7366290831,01878490,2025,Diesel,76,9.97,299.12,88378998,OPERADOR_195,Baja,DIRECCION GRAL. SEGURIDAD CAPITAL,1
10196,JF 239DL,JEFATURA,SEDAN,RENAULT,9621,AZUL,4925318974,49112590,2025,GNC,55,9.73,178.41,73347449,OPERADOR_196,En Servicio,,15
10197,EU.336AR,PATRULLA RURAL NORTE,MOTOCICLETA,CHEVROLET,9655,AZUL,1274476220,76311197,2018,Gasolina,13,28.43,445.64,31381253,OPERADOR_197,Baja,DIRECCION GRAL. DEPARTAMENTALES NORTE,2
10198,KP228BB,COMISARIA CAPITAL ZONA 1,CAMIÓN,RENAULT,7668,AZUL,4604542883,61202773,2020,Diesel,151,4.04,353.46,94281997,OPERADOR_198,Fuera de Servicio,DIRECCION GRAL. SEGURIDAD CAPITAL,1
10199,JH820PX,POLICIA CAMINERA,PICK-UP,NISSAN,7326,AZUL,5481171341,00714628,2016,Gasolina,69,7.87,282.07,14155745,OPERADOR_199,En Servicio,DIRECCION GRAL. DE POLICIA CAMINERA,5
10200,OH096EJ,SUBJEFATURA CAPITAL,MOTOCICLETA,CHEVROLET,8896,NEGRO,5135277996,12228691,2018,Gasolina,18,39.73,210.92,03191564,OPERADOR_200,En Servicio,,12
