id,codigo_sintetico,vehiculo_id,estado_transmision,fecha_alta
DEV-SYN-00001,DEV-SYN-00001,VEH-SYN-00001,Activo,2024-12-31
DEV-SYN-00002,DEV-SYN-00002,VEH-SYN-00002,Activo,2024-12-30
DEV-SYN-00003,DEV-SYN-00003,VEH-SYN-00003,Intermitente,2024-12-29
DEV-SYN-00004,DEV-SYN-00004,VEH-SYN-00004,Activo,2024-12-28
DEV-SYN-00005,DEV-SYN-00005,VEH-SYN-00005,Intermitente,2024-12-27
DEV-SYN-00006,DEV-SYN-00006,VEH-SYN-00006,Activo,2024-12-26
DEV-SYN-00007,DEV-SYN-00007,VEH-SYN-00007,Activo,2024-12-25
DEV-SYN-00008,DEV-SYN-00008,VEH-SYN-00008,Activo,2024-12-24
DEV-SYN-00009,DEV-SYN-00009,VEH-SYN-00009,Activo,2024-12-23
DEV-SYN-00010,DEV-SYN-00010,VEH-SYN-00010,Activo,2024-12-22
DEV-SYN-00011,DEV-SYN-00011,VEH-SYN-00011,Intermitente,2024-12-21
DEV-SYN-00012,DEV-SYN-00012,VEH-SYN-00012,Activo,2024-12-20
DEV-SYN-00013,DEV-SYN-00013,VEH-SYN-00013,Inactivo,2024-12-19
DEV-SYN-00014,DEV-SYN-00014,VEH-SYN-00014,Activo,2024-12-18
DEV-SYN-00015,DEV-SYN-00015,VEH-SYN-00015,Activo,2024-12-17
DEV-SYN-00016,DEV-SYN-00016,VEH-SYN-00016,Activo,2024-12-16
DEV-SYN-00017,DEV-SYN-00017,VEH-SYN-00017,Activo,2024-12-15
DEV-SYN-00018,DEV-SYN-00018,VEH-SYN-00018,Activo,2024-12-14
DEV-SYN-00019,DEV-SYN-00019,VEH-SYN-00019,Intermitente,2024-12-13
DEV-SYN-00020,DEV-SYN-00020,VEH-SYN-00020,Activo,2024-12-12
DEV-SYN-00021,DEV-SYN-00021,VEH-SYN-00021,Activo,2024-12-11
DEV-SYN-00022,DEV-SYN-00022,VEH-SYN-00022,Inactivo,2024-12-10
DEV-SYN-00023,DEV-SYN-00023,VEH-SYN-00023,Activo,2024-12-09
DEV-SYN-00024,DEV-SYN-00024,VEH-SYN-00024,Activo,2024-12-08
DEV-SYN-00025,DEV-SYN-00025,VEH-SYN-00025,Activo,2024-12-07
DEV-SYN-00026,DEV-SYN-00026,VEH-SYN-00026,Activo,2024-12-06
DEV-SYN-00027,DEV-SYN-00027,VEH-SYN-00027,Activo,2024-12-05
DEV-SYN-00028,DEV-SYN-00028,VEH-SYN-00028,Activo,2024-12-04
DEV-SYN-00029,DEV-SYN-00029,VEH-SYN-00029,Activo,2024-12-03
DEV-SYN-00030,DEV-SYN-00030,VEH-SYN-00030,Activo,2024-12-02
DEV-SYN-00031,DEV-SYN-00031,VEH-SYN-00031,Activo,2024-12-01
DEV-SYN-00032,DEV-SYN-00032,VEH-SYN-00032,Activo,2024-11-30
DEV-SYN-00033,DEV-SYN-00033,VEH-SYN-00033,Inactivo,2024-11-29
DEV-SYN-00034,DEV-SYN-00034,VEH-SYN-00034,Intermitente,2024-11-28
DEV-SYN-00035,DEV-SYN-00035,VEH-SYN-00035,Activo,2024-11-27
DEV-SYN-00036,DEV-SYN-00036,VEH-SYN-00036,Activo,2024-11-26
DEV-SYN-00037,DEV-SYN-00037,VEH-SYN-00037,Inactivo,2024-11-25
DEV-SYN-00038,DEV-SYN-00038,VEH-SYN-00038,Activo,2024-11-24
DEV-SYN-00039,DEV-SYN-00039,VEH-SYN-00039,Inactivo,2024-11-23
DEV-SYN-00040,DEV-SYN-00040,VEH-SYN-00040,Activo,2024-11-22
DEV-SYN-00041,DEV-SYN-00041,VEH-SYN-00041,Activo,2024-11-21
DEV-SYN-00042,DEV-SYN-00042,VEH-SYN-00042,Activo,2024-11-20
DEV-SYN-00043,DEV-SYN-00043,VEH-SYN-00043,Inactivo,2024-11-19
DEV-SYN-00044,DEV-SYN-00044,VEH-SYN-00044,Activo,2024-11-18
DEV-SYN-00045,DEV-SYN-00045,VEH-SYN-00045,Activo,2024-11-17
DEV-SYN-00046,DEV-SYN-00046,VEH-SYN-00046,Activo,2024-11-16
DEV-SYN-00047,DEV-SYN-00047,VEH-SYN-00047,Activo,2024-11-15
DEV-SYN-00048,DEV-SYN-00048,VEH-SYN-00048,Intermitente,2024-11-14
DEV-SYN-00049,DEV-SYN-00049,VEH-SYN-00049,Intermitente,2024-11-13
DEV-SYN-00050,DEV-SYN-00050,VEH-SYN-00050,Activo,2024-11-12
DEV-SYN-00051,DEV-SYN-00051,VEH-SYN-00051,Activo,2024-11-11
DEV-SYN-00052,DEV-SYN-00052,VEH-SYN-00052,Intermitente,2024-11-10
DEV-SYN-00053,DEV-SYN-00053,VEH-SYN-00053,Activo,2024-11-09
DEV-SYN-00054,DEV-SYN-00054,VEH-SYN-00054,Activo,2024-11-08
DEV-SYN-00055,DEV-SYN-00055,VEH-SYN-00055,Activo,2024-11-07
DEV-SYN-00056,DEV-SYN-00056,VEH-SYN-00056,Intermitente,2024-11-06
DEV-SYN-00057,DEV-SYN-00057,VEH-SYN-00057,Activo,2024-11-05
DEV-SYN-00058,DEV-SYN-00058,VEH-SYN-00058,Activo,2024-11-04
DEV-SYN-00059,DEV-SYN-00059,VEH-SYN-00059,Intermitente,2024-11-03
DEV-SYN-00060,DEV-SYN-00060,VEH-SYN-00060,Activo,2024-11-02
DEV-SYN-00061,DEV-SYN-00061,VEH-SYN-00061,Activo,2024-11-01
DEV-SYN-00062,DEV-SYN-00062,VEH-SYN-00062,Activo,2024-10-31
DEV-SYN-00063,DEV-SYN-00063,VEH-SYN-00063,Activo,2024-10-30
DEV-SYN-00064,DEV-SYN-00064,VEH-SYN-00064,Activo,2024-10-29
DEV-SYN-00065,DEV-SYN-00065,VEH-SYN-00065,Activo,2024-10-28
DEV-SYN-00066,DEV-SYN-00066,VEH-SYN-00066,Activo,2024-10-27
DEV-SYN-00067,DEV-SYN-00067,VEH-SYN-00067,Intermitente,2024-10-26
DEV-SYN-00068,DEV-SYN-00068,VEH-SYN-00068,Activo,2024-10-25
DEV-SYN-00069,DEV-SYN-00069,VEH-SYN-00069,Intermitente,2024-10-24
DEV-SYN-00070,DEV-SYN-00070,VEH-SYN-00070,Activo,2024-10-23
DEV-SYN-00071,DEV-SYN-00071,VEH-SYN-00071,Activo,2024-10-22
DEV-SYN-00072,DEV-SYN-00072,VEH-SYN-00072,Activo,2024-10-21
DEV-SYN-00073,DEV-SYN-00073,VEH-SYN-00073,Activo,2024-10-20
DEV-SYN-00074,DEV-SYN-00074,VEH-SYN-00074,Activo,2024-10-19
DEV-SYN-00075,DEV-SYN-00075,VEH-SYN-00075,Activo,2024-10-18
DEV-SYN-00076,DEV-SYN-00076,VEH-SYN-00076,Activo,2024-10-17
DEV-SYN-00077,DEV-SYN-00077,VEH-SYN-00077,Activo,2024-10-16
DEV-SYN-00078,DEV-SYN-00078,VEH-SYN-00078,Activo,2024-10-15
DEV-SYN-00079,DEV-SYN-00079,VEH-SYN-00079,Activo,2024-10-14
DEV-SYN-00080,DEV-SYN-00080,VEH-SYN-00080,Activo,2024-10-13
DEV-SYN-00081,DEV-SYN-00081,VEH-SYN-00081,Activo,2024-10-12
DEV-SYN-00082,DEV-SYN-00082,VEH-SYN-00082,Activo,2024-10-11
DEV-SYN-00083,DEV-SYN-00083,VEH-SYN-00083,Intermitente,2024-10-10
DEV-SYN-00084,DEV-SYN-00084,VEH-SYN-00084,Activo,2024-10-09
DEV-SYN-00085,DEV-SYN-00085,VEH-SYN-00085,Activo,2024-10-08
DEV-SYN-00086,DEV-SYN-00086,VEH-SYN-00086,Activo,2024-10-07
DEV-SYN-00087,DEV-SYN-00087,VEH-SYN-00087,Activo,2024-10-06
DEV-SYN-00088,DEV-SYN-00088,VEH-SYN-00088,Activo,2024-10-05
DEV-SYN-00089,DEV-SYN-00089,VEH-SYN-00089,Activo,2024-10-04
DEV-SYN-00090,DEV-SYN-00090,VEH-SYN-00090,Activo,2024-10-03
DEV-SYN-00091,DEV-SYN-00091,VEH-SYN-00091,Activo,2024-10-02
DEV-SYN-00092,DEV-SYN-00092,VEH-SYN-00092,Activo,2024-10-01
DEV-SYN-00093,DEV-SYN-00093,VEH-SYN-00093,Activo,2024-09-30
DEV-SYN-00094,DEV-SYN-00094,VEH-SYN-00094,Intermitente,2024-09-29
DEV-SYN-00095,DEV-SYN-00095,VEH-SYN-00095,Activo,2024-09-28
DEV-SYN-00096,DEV-SYN-00096,VEH-SYN-00096,Activo,2024-09-27
DEV-SYN-00097,DEV-SYN-00097,VEH-SYN-00097,Activo,2024-09-26
DEV-SYN-00098,DEV-SYN-00098,VEH-SYN-00098,Activo,2024-09-25
DEV-SYN-00099,DEV-SYN-00099,VEH-SYN-00099,Activo,2024-09-24
DEV-SYN-00100,DEV-SYN-00100,VEH-SYN-00100,Activo,2024-09-23
DEV-SYN-00101,DEV-SYN-00101,VEH-SYN-00101,Activo,2024-09-22
DEV-SYN-00102,DEV-SYN-00102,VEH-SYN-00102,Activo,2024-09-21
DEV-SYN-00103,DEV-SYN-00103,VEH-SYN-00103,Activo,2024-09-20
DEV-SYN-00104,DEV-SYN-00104,VEH-SYN-00104,Activo,2024-09-19
DEV-SYN-00105,DEV-SYN-00105,VEH-SYN-00105,Activo,2024-09-18
DEV-SYN-00106,DEV-SYN-00106,VEH-SYN-00106,Activo,2024-09-17
DEV-SYN-00107,DEV-SYN-00107,VEH-SYN-00107,Intermitente,2024-09-16
DEV-SYN-00108,DEV-SYN-00108,VEH-SYN-00108,Activo,2024-09-15
DEV-SYN-00109,DEV-SYN-00109,VEH-SYN-00109,Activo,2024-09-14
DEV-SYN-00110,DEV-SYN-00110,VEH-SYN-00110,Activo,2024-09-13
DEV-SYN-00111,DEV-SYN-00111,VEH-SYN-00111,Activo,2024-09-12
DEV-SYN-00112,DEV-SYN-00112,VEH-SYN-00112,Inactivo,2024-09-11
DEV-SYN-00113,DEV-SYN-00113,VEH-SYN-00113,Activo,2024-09-10
DEV-SYN-00114,DEV-SYN-00114,VEH-SYN-00114,Intermitente,2024-09-09
DEV-SYN-00115,DEV-SYN-00115,VEH-SYN-00115,Activo,2024-09-08
DEV-SYN-00116,DEV-SYN-00116,VEH-SYN-00116,Activo,2024-09-07
DEV-SYN-00117,DEV-SYN-00117,VEH-SYN-00117,Activo,2024-09-06
DEV-SYN-00118,DEV-SYN-00118,VEH-SYN-00118,Activo,2024-09-05
DEV-SYN-00119,DEV-SYN-00119,VEH-SYN-00119,Activo,2024-09-04
DEV-SYN-00120,DEV-SYN-00120,VEH-SYN-00120,Activo,2024-09-03
DEV-SYN-00121,DEV-SYN-00121,VEH-SYN-00121,Activo,2024-09-02
DEV-SYN-00122,DEV-SYN-00122,VEH-SYN-00122,Inactivo,2024-09-01
DEV-SYN-00123,DEV-SYN-00123,VEH-SYN-00123,Activo,2024-08-31
DEV-SYN-00124,DEV-SYN-00124,VEH-SYN-00124,Activo,2024-08-30
DEV-SYN-00125,DEV-SYN-00125,VEH-SYN-00125,Activo,2024-08-29
DEV-SYN-00126,DEV-SYN-00126,VEH-SYN-00126,Activo,2024-08-28
DEV-SYN-00127,DEV-SYN-00127,VEH-SYN-00127,Intermitente,2024-08-27
DEV-SYN-00128,DEV-SYN-00128,VEH-SYN-00128,Intermitente,2024-08-26
DEV-SYN-00129,DEV-SYN-00129,VEH-SYN-00129,Activo,2024-08-25
DEV-SYN-00130,DEV-SYN-00130,VEH-SYN-00130,Activo,2024-08-24
DEV-SYN-00131,DEV-SYN-00131,VEH-SYN-00131,Activo,2024-08-23
DEV-SYN-00132,DEV-SYN-00132,VEH-SYN-00132,Activo,2024-08-22
DEV-SYN-00133,DEV-SYN-00133,VEH-SYN-00133,Activo,2024-08-21
DEV-SYN-00134,DEV-SYN-00134,VEH-SYN-00134,Activo,2024-08-20
DEV-SYN-00135,DEV-SYN-00135,VEH-SYN-00135,Activo,2024-08-19
DEV-SYN-00136,DEV-SYN-00136,VEH-SYN-00136,Activo,2024-08-18
DEV-SYN-00137,DEV-SYN-00137,VEH-SYN-00137,Activo,2024-08-17
DEV-SYN-00138,DEV-SYN-00138,VEH-SYN-00138,Activo,2024-08-16
DEV-SYN-00139,DEV-SYN-00139,VEH-SYN-00139,Intermitente,2024-08-15
DEV-SYN-00140,DEV-SYN-00140,VEH-SYN-00140,Activo,2024-08-14
DEV-SYN-00141,DEV-SYN-00141,VEH-SYN-00141,Activo,2024-08-13
DEV-SYN-00142,DEV-SYN-00142,VEH-SYN-00142,Intermitente,2024-08-12
DEV-SYN-00143,DEV-SYN-00143,VEH-SYN-00143,Activo,2024-08-11
DEV-SYN-00144,DEV-SYN-00144,VEH-SYN-00144,Activo,2024-08-10
DEV-SYN-00145,DEV-SYN-00145,VEH-SYN-00145,Intermitente,2024-08-09
DEV-SYN-00146,DEV-SYN-00146,VEH-SYN-00146,Activo,2024-08-08
DEV-SYN-00147,DEV-SYN-00147,VEH-SYN-00147,Activo,2024-08-07
DEV-SYN-00148,DEV-SYN-00148,VEH-SYN-00148,Activo,2024-08-06
DEV-SYN-00149,DEV-SYN-00149,VEH-SYN-00149,Inactivo,2024-08-05
DEV-SYN-00150,DEV-SYN-00150,VEH-SYN-00150,Activo,2024-08-04
DEV-SYN-00151,DEV-SYN-00151,VEH-SYN-00151,Activo,2024-08-03
DEV-SYN-00152,DEV-SYN-00152,VEH-SYN-00152,Activo,2024-08-02
DEV-SYN-00153,DEV-SYN-00153,VEH-SYN-00153,Activo,2024-08-01
DEV-SYN-00154,DEV-SYN-00154,VEH-SYN-00154,Activo,2024-07-31
DEV-SYN-00155,DEV-SYN-00155,VEH-SYN-00155,Activo,2024-07-30
DEV-SYN-00156,DEV-SYN-00156,VEH-SYN-00156,Activo,2024-07-29
DEV-SYN-00157,DEV-SYN-00157,VEH-SYN-00157,Activo,2024-07-28
DEV-SYN-00158,DEV-SYN-00158,VEH-SYN-00158,Activo,2024-07-27
DEV-SYN-00159,DEV-SYN-00159,VEH-SYN-00159,Activo,2024-07-26
DEV-SYN-00160,DEV-SYN-00160,VEH-SYN-00160,Activo,2024-07-25
DEV-SYN-00161,DEV-SYN-00161,VEH-SYN-00161,Intermitente,2024-07-24
DEV-SYN-00162,DEV-SYN-00162,VEH-SYN-00162,Activo,2024-07-23
DEV-SYN-00163,DEV-SYN-00163,VEH-SYN-00163,Activo,2024-07-22
DEV-SYN-00164,DEV-SYN-00164,VEH-SYN-00164,Activo,2024-07-21
DEV-SYN-00165,DEV-SYN-00165,VEH-SYN-00165,Activo,2024-07-20
DEV-SYN-00166,DEV-SYN-00166,VEH-SYN-00166,Intermitente,2024-07-19
DEV-SYN-00167,DEV-SYN-00167,VEH-SYN-00167,Activo,2024-07-18
DEV-SYN-00168,DEV-SYN-00168,VEH-SYN-00168,Activo,2024-07-17
DEV-SYN-00169,DEV-SYN-00169,VEH-SYN-00169,Activo,2024-07-16
DEV-SYN-00170,DEV-SYN-00170,VEH-SYN-00170,Activo,2024-07-15
DEV-SYN-00171,DEV-SYN-00171,VEH-SYN-00171,Activo,2024-07-14
DEV-SYN-00172,DEV-SYN-00172,VEH-SYN-00172,Intermitente,2024-07-13
DEV-SYN-00173,DEV-SYN-00173,VEH-SYN-00173,Activo,2024-07-12
DEV-SYN-00174,DEV-SYN-00174,VEH-SYN-00174,Intermitente,2024-07-11
DEV-SYN-00175,DEV-SYN-00175,VEH-SYN-00175,Activo,2024-07-10
DEV-SYN-00176,DEV-SYN-00176,VEH-SYN-00176,Activo,2024-07-09
DEV-SYN-00177,DEV-SYN-00177,VEH-SYN-00177,Activo,2024-07-08
DEV-SYN-00178,DEV-SYN-00178,VEH-SYN-00178,Activo,2024-07-07
DEV-SYN-00179,DEV-SYN-00179,VEH-SYN-00179,Activo,2024-07-06
DEV-SYN-00180,DEV-SYN-00180,VEH-SYN-00180,Activo,2024-07-05
